This is pdfTeX, Version 3.141592653-2.6-1.40.28 (MiKTeX 25.12) (preloaded format=pdflatex 2026.6.11)  14 JUL 2026 15:26
entering extended mode
 restricted \write18 enabled.
 %&-line parsing enabled.
**./Report_8.tex
(Report_8.tex
LaTeX2e <2025-11-01>
L3 programming layer <2025-12-24>
(C:\Users\User\AppData\Local\Programs\MiKTeX\tex/latex/base\article.cls
Document Class: article 2025/01/22 v1.4n Standard LaTeX document class
(C:\Users\User\AppData\Local\Programs\MiKTeX\tex/latex/base\size12.clo
File: size12.clo 2025/01/22 v1.4n Standard LaTeX file (size option)
)
\c@part=\count275
\c@section=\count276
\c@subsection=\count277
\c@subsubsection=\count278
\c@paragraph=\count279
\c@subparagraph=\count280
\c@figure=\count281
\c@table=\count282
\abovecaptionskip=\skip49
\belowcaptionskip=\skip50
\bibindent=\dimen148
)
(C:\Users\User\AppData\Local\Programs\MiKTeX\tex/latex/base\inputenc.sty
Package: inputenc 2024/02/08 v1.3d Input encoding file
\inpenc@prehook=\toks17
\inpenc@posthook=\toks18
)
(C:\Users\User\AppData\Local\Programs\MiKTeX\tex/latex/base\fontenc.sty
Package: fontenc 2025/07/18 v2.1d Standard LaTeX package
)
(C:\Users\User\AppData\Local\Programs\MiKTeX\tex/generic/babel\babel.sty
Package: babel 2025/12/11 v25.17 The multilingual framework for LuaLaTeX, pdfLa
TeX and XeLaTeX
\babel@savecnt=\count283
LaTeX Encoding Info:    Redeclaring text command \ij (encoding OT1) on input li
ne 2068.
LaTeX Encoding Info:    Redeclaring text command \IJ (encoding OT1) on input li
ne 2070.
LaTeX Encoding Info:    Redeclaring text command \ij (encoding T1) on input lin
e 2072.
LaTeX Encoding Info:    Redeclaring text command \IJ (encoding T1) on input lin
e 2073.
LaTeX Encoding Info:    Ignoring declaration for text command \ij (encoding ?) 
on input line 2074.
LaTeX Encoding Info:    Ignoring declaration for text command \IJ (encoding ?) 
on input line 2076.
LaTeX Encoding Info:    Ignoring declaration for text command \SS (encoding ?) 
on input line 2101.
\U@D=\dimen149
\l@unhyphenated=\language79

(C:\Users\User\AppData\Local\Programs\MiKTeX\tex/generic/babel\txtbabel.def)
\bbl@readstream=\read2
\bbl@dirlevel=\count284
Package babel Info: Configuration files are deprecated, as
(babel)             they can break document portability.
(babel)             Reported on input line 4196.

*************************************
* Local config file bblopts.cfg used
*
(C:\Users\User\AppData\Local\Programs\MiKTeX\tex/latex/arabi\bblopts.cfg
File: bblopts.cfg 2005/09/08 v0.1 add Arabic and Farsi to "declared" options of
 babel
)
(C:\Users\User\AppData\Local\Programs\MiKTeX\tex/generic/babel/locale/it\babel-
italian.tex)
Package babel Info: Importing font and identification data for italian
(babel)             from babel-it.ini. Reported on input line 4320.

(C:\Users\User\AppData\Local\Programs\MiKTeX\tex/latex/babel-italian\italian.ld
f
Language: italian 2026/01/13 v.1.5.02 Italian support for the babel system
\it@lettering=\count285
\it@doublequoteactive=\count286
\it@ISOcompliance=\count287
))
(C:\Users\User\AppData\Local\Programs\MiKTeX\tex/latex/etoolbox\etoolbox.sty
Package: etoolbox 2025/10/02 v2.5m e-TeX tools for LaTeX (JAW)
\etb@tempcnta=\count288
)
(C:\Users\User\AppData\Local\Programs\MiKTeX\tex/latex/amsmath\amsmath.sty
Package: amsmath 2025/07/09 v2.17z AMS math features
\@mathmargin=\skip51

For additional information on amsmath, use the `?' option.
(C:\Users\User\AppData\Local\Programs\MiKTeX\tex/latex/amsmath\amstext.sty
Package: amstext 2024/11/17 v2.01 AMS text

(C:\Users\User\AppData\Local\Programs\MiKTeX\tex/latex/amsmath\amsgen.sty
File: amsgen.sty 1999/11/30 v2.0 generic functions
\@emptytoks=\toks19
\ex@=\dimen150
))
(C:\Users\User\AppData\Local\Programs\MiKTeX\tex/latex/amsmath\amsbsy.sty
Package: amsbsy 1999/11/29 v1.2d Bold Symbols
\pmbraise@=\dimen151
)
(C:\Users\User\AppData\Local\Programs\MiKTeX\tex/latex/amsmath\amsopn.sty
Package: amsopn 2022/04/08 v2.04 operator names
)
\inf@bad=\count289
LaTeX Info: Redefining \frac on input line 233.
\uproot@=\count290
\leftroot@=\count291
LaTeX Info: Redefining \overline on input line 398.
LaTeX Info: Redefining \colon on input line 409.
\classnum@=\count292
\DOTSCASE@=\count293
LaTeX Info: Redefining \ldots on input line 495.
LaTeX Info: Redefining \dots on input line 498.
LaTeX Info: Redefining \cdots on input line 619.
\Mathstrutbox@=\box53
\strutbox@=\box54
LaTeX Info: Redefining \big on input line 721.
LaTeX Info: Redefining \Big on input line 722.
LaTeX Info: Redefining \bigg on input line 723.
LaTeX Info: Redefining \Bigg on input line 724.
\big@size=\dimen152
LaTeX Font Info:    Redeclaring font encoding OML on input line 742.
LaTeX Font Info:    Redeclaring font encoding OMS on input line 743.
\macc@depth=\count294
LaTeX Info: Redefining \bmod on input line 904.
LaTeX Info: Redefining \pmod on input line 909.
LaTeX Info: Redefining \smash on input line 939.
LaTeX Info: Redefining \relbar on input line 969.
LaTeX Info: Redefining \Relbar on input line 970.
\c@MaxMatrixCols=\count295
\dotsspace@=\muskip17
\c@parentequation=\count296
\dspbrk@lvl=\count297
\tag@help=\toks20
\row@=\count298
\column@=\count299
\maxfields@=\count300
\andhelp@=\toks21
\eqnshift@=\dimen153
\alignsep@=\dimen154
\tagshift@=\dimen155
\tagwidth@=\dimen156
\totwidth@=\dimen157
\lineht@=\dimen158
\@envbody=\toks22
\multlinegap=\skip52
\multlinetaggap=\skip53
\mathdisplay@stack=\toks23
LaTeX Info: Redefining \[ on input line 2950.
LaTeX Info: Redefining \] on input line 2951.
)
(C:\Users\User\AppData\Local\Programs\MiKTeX\tex/latex/amsfonts\amssymb.sty
Package: amssymb 2013/01/14 v3.01 AMS font symbols

(C:\Users\User\AppData\Local\Programs\MiKTeX\tex/latex/amsfonts\amsfonts.sty
Package: amsfonts 2013/01/14 v3.01 Basic AMSFonts support
\symAMSa=\mathgroup4
\symAMSb=\mathgroup5
LaTeX Font Info:    Redeclaring math symbol \hbar on input line 98.
LaTeX Font Info:    Overwriting math alphabet `\mathfrak' in version `bold'
(Font)                  U/euf/m/n --> U/euf/b/n on input line 106.
))
(C:\Users\User\AppData\Local\Programs\MiKTeX\tex/latex/graphics\graphicx.sty
Package: graphicx 2024/12/31 v1.2e Enhanced LaTeX Graphics (DPC,SPQR)

(C:\Users\User\AppData\Local\Programs\MiKTeX\tex/latex/graphics\keyval.sty
Package: keyval 2022/05/29 v1.15 key=value parser (DPC)
\KV@toks@=\toks24
)
(C:\Users\User\AppData\Local\Programs\MiKTeX\tex/latex/graphics\graphics.sty
Package: graphics 2024/08/06 v1.4g Standard LaTeX Graphics (DPC,SPQR)

(C:\Users\User\AppData\Local\Programs\MiKTeX\tex/latex/graphics\trig.sty
Package: trig 2023/12/02 v1.11 sin cos tan (DPC)
)
(C:\Users\User\AppData\Local\Programs\MiKTeX\tex/latex/graphics-cfg\graphics.cf
g
File: graphics.cfg 2016/06/04 v1.11 sample graphics configuration
)
Package graphics Info: Driver file: pdftex.def on input line 106.

(C:\Users\User\AppData\Local\Programs\MiKTeX\tex/latex/graphics-def\pdftex.def
File: pdftex.def 2025/09/29 v1.2d Graphics/color driver for pdftex
))
\Gin@req@height=\dimen159
\Gin@req@width=\dimen160
) (C:\Users\User\AppData\Local\Programs\MiKTeX\tex/latex/hyperref\hyperref.sty
Package: hyperref 2025-07-12 v7.01o Hypertext links for LaTeX
(C:\Users\User\AppData\Local\Programs\MiKTeX\tex/generic/iftex\iftex.sty
Package: iftex 2024/12/12 v1.0g TeX engine tests
)
(C:\Users\User\AppData\Local\Programs\MiKTeX\tex/latex/kvsetkeys\kvsetkeys.sty
Package: kvsetkeys 2022-10-05 v1.19 Key value parser (HO)
)
(C:\Users\User\AppData\Local\Programs\MiKTeX\tex/generic/kvdefinekeys\kvdefinek
eys.sty
Package: kvdefinekeys 2019-12-19 v1.6 Define keys (HO)
)
(C:\Users\User\AppData\Local\Programs\MiKTeX\tex/generic/pdfescape\pdfescape.st
y
Package: pdfescape 2019/12/09 v1.15 Implements pdfTeX's escape features (HO)
 (C:\Users\User\AppData\Local\Programs\MiKTeX\tex/generic/ltxcmds\ltxcmds.sty
Package: ltxcmds 2023-12-04 v1.26 LaTeX kernel commands for general use (HO)
)
(C:\Users\User\AppData\Local\Programs\MiKTeX\tex/generic/pdftexcmds\pdftexcmds.
sty
Package: pdftexcmds 2020-06-27 v0.33 Utility functions of pdfTeX for LuaTeX (HO
)

(C:\Users\User\AppData\Local\Programs\MiKTeX\tex/generic/infwarerr\infwarerr.st
y
Package: infwarerr 2019/12/03 v1.5 Providing info/warning/error messages (HO)
)
Package pdftexcmds Info: \pdf@primitive is available.
Package pdftexcmds Info: \pdf@ifprimitive is available.
Package pdftexcmds Info: \pdfdraftmode found.
)) (C:\Users\User\AppData\Local\Programs\MiKTeX\tex/latex/hycolor\hycolor.sty
Package: hycolor 2020-01-27 v1.10 Color options for hyperref/bookmark (HO)
) (C:\Users\User\AppData\Local\Programs\MiKTeX\tex/latex/hyperref\nameref.sty
Package: nameref 2025-06-21 v2.57 Cross-referencing by name of section

(C:\Users\User\AppData\Local\Programs\MiKTeX\tex/latex/refcount\refcount.sty
Package: refcount 2019/12/15 v3.6 Data extraction from label references (HO)
)
(C:\Users\User\AppData\Local\Programs\MiKTeX\tex/generic/gettitlestring\gettitl
estring.sty
Package: gettitlestring 2019/12/15 v1.6 Cleanup title references (HO)

(C:\Users\User\AppData\Local\Programs\MiKTeX\tex/latex/kvoptions\kvoptions.sty
Package: kvoptions 2022-06-15 v3.15 Key value format for package options (HO)
))
\c@section@level=\count301
)
(C:\Users\User\AppData\Local\Programs\MiKTeX\tex/generic/stringenc\stringenc.st
y
Package: stringenc 2019/11/29 v1.12 Convert strings between diff. encodings (HO
)
)
\@linkdim=\dimen161
\Hy@linkcounter=\count302
\Hy@pagecounter=\count303
 (C:\Users\User\AppData\Local\Programs\MiKTeX\tex/latex/hyperref\pd1enc.def
File: pd1enc.def 2025-07-12 v7.01o Hyperref: PDFDocEncoding definition (HO)
Now handling font encoding PD1 ...
... no UTF-8 mapping file for font encoding PD1
)
(C:\Users\User\AppData\Local\Programs\MiKTeX\tex/generic/intcalc\intcalc.sty
Package: intcalc 2019/12/15 v1.3 Expandable calculations with integers (HO)
)
\Hy@SavedSpaceFactor=\count304

(C:\Users\User\AppData\Local\Programs\MiKTeX\tex/latex/hyperref\puenc.def
File: puenc.def 2025-07-12 v7.01o Hyperref: PDF Unicode definition (HO)
Now handling font encoding PU ...
... no UTF-8 mapping file for font encoding PU
)
Package hyperref Info: Hyper figures OFF on input line 4195.
Package hyperref Info: Link nesting OFF on input line 4200.
Package hyperref Info: Hyper index ON on input line 4203.
Package hyperref Info: Plain pages OFF on input line 4210.
Package hyperref Info: Backreferencing OFF on input line 4215.
Package hyperref Info: Implicit mode ON; LaTeX internals redefined.
Package hyperref Info: Bookmarks ON on input line 4462.
\c@Hy@tempcnt=\count305

(C:\Users\User\AppData\Local\Programs\MiKTeX\tex/latex/url\url.sty
\Urlmuskip=\muskip18
Package: url 2013/09/16  ver 3.4  Verb mode for urls, etc.
)
LaTeX Info: Redefining \url on input line 4801.
\XeTeXLinkMargin=\dimen162

(C:\Users\User\AppData\Local\Programs\MiKTeX\tex/generic/bitset\bitset.sty
Package: bitset 2019/12/09 v1.3 Handle bit-vector datatype (HO)

(C:\Users\User\AppData\Local\Programs\MiKTeX\tex/generic/bigintcalc\bigintcalc.
sty
Package: bigintcalc 2019/12/15 v1.5 Expandable calculations on big integers (HO
)
))
\Fld@menulength=\count306
\Field@Width=\dimen163
\Fld@charsize=\dimen164
Package hyperref Info: Hyper figures OFF on input line 6078.
Package hyperref Info: Link nesting OFF on input line 6083.
Package hyperref Info: Hyper index ON on input line 6086.
Package hyperref Info: backreferencing OFF on input line 6093.
Package hyperref Info: Link coloring OFF on input line 6098.
Package hyperref Info: Link coloring with OCG OFF on input line 6103.
Package hyperref Info: PDF/A mode OFF on input line 6108.
\Hy@abspage=\count307
\c@Item=\count308
\c@Hfootnote=\count309
)
Package hyperref Info: Driver (autodetected): hpdftex.

(C:\Users\User\AppData\Local\Programs\MiKTeX\tex/latex/hyperref\hpdftex.def
File: hpdftex.def 2025-07-12 v7.01o Hyperref driver for pdfTeX
\Fld@listcount=\count310
\c@bookmark@seq@number=\count311

(C:\Users\User\AppData\Local\Programs\MiKTeX\tex/latex/rerunfilecheck\rerunfile
check.sty
Package: rerunfilecheck 2025-06-21 v1.11 Rerun checks for auxiliary files (HO)

(C:\Users\User\AppData\Local\Programs\MiKTeX\tex/generic/uniquecounter\uniqueco
unter.sty
Package: uniquecounter 2019/12/15 v1.4 Provide unlimited unique counter (HO)
)
Package uniquecounter Info: New unique counter `rerunfilecheck' on input line 2
84.
)
\Hy@SectionHShift=\skip54
)
(C:\Users\User\AppData\Local\Programs\MiKTeX\tex/latex/booktabs\booktabs.sty
Package: booktabs 2020/01/12 v1.61803398 Publication quality tables
\heavyrulewidth=\dimen165
\lightrulewidth=\dimen166
\cmidrulewidth=\dimen167
\belowrulesep=\dimen168
\belowbottomsep=\dimen169
\aboverulesep=\dimen170
\abovetopsep=\dimen171
\cmidrulesep=\dimen172
\cmidrulekern=\dimen173
\defaultaddspace=\dimen174
\@cmidla=\count312
\@cmidlb=\count313
\@aboverulesep=\dimen175
\@belowrulesep=\dimen176
\@thisruleclass=\count314
\@lastruleclass=\count315
\@thisrulewidth=\dimen177
)
(C:\Users\User\AppData\Local\Programs\MiKTeX\tex/latex/float\float.sty
Package: float 2001/11/08 v1.3d Float enhancements (AL)
\c@float@type=\count316
\float@exts=\toks25
\float@box=\box55
\@float@everytoks=\toks26
\@floatcapt=\box56
)
(C:\Users\User\AppData\Local\Programs\MiKTeX\tex/latex/algorithms\algorithm.sty
Package: algorithm 2009/08/24 v0.1 Document Style `algorithm' - floating enviro
nment
(C:\Users\User\AppData\Local\Programs\MiKTeX\tex/latex/base\ifthen.sty
Package: ifthen 2024/03/16 v1.1e Standard LaTeX ifthen package (DPC)
)
\@float@every@algorithm=\toks27
\c@algorithm=\count317
)
(C:\Users\User\AppData\Local\Programs\MiKTeX\tex/latex/algorithmicx\algpseudoco
de.sty
Package: algpseudocode 

(C:\Users\User\AppData\Local\Programs\MiKTeX\tex/latex/algorithmicx\algorithmic
x.sty
Package: algorithmicx 2005/04/27 v1.2 Algorithmicx

Document Style algorithmicx 1.2 - a greatly improved `algorithmic' style
\c@ALG@line=\count318
\c@ALG@rem=\count319
\c@ALG@nested=\count320
\ALG@tlm=\skip55
\ALG@thistlm=\skip56
\c@ALG@Lnr=\count321
\c@ALG@blocknr=\count322
\c@ALG@storecount=\count323
\c@ALG@tmpcounter=\count324
\ALG@tmplength=\skip57
)
Document Style - pseudocode environments for use with the `algorithmicx' style
) (C:\Users\User\AppData\Local\Programs\MiKTeX\tex/latex/caption\subcaption.sty
Package: subcaption 2023/07/28 v1.6b Sub-captions (AR)
(C:\Users\User\AppData\Local\Programs\MiKTeX\tex/latex/caption\caption.sty
Package: caption 2023/08/05 v3.6o Customizing captions (AR)

(C:\Users\User\AppData\Local\Programs\MiKTeX\tex/latex/caption\caption3.sty
Package: caption3 2023/07/31 v2.4d caption3 kernel (AR)
\caption@tempdima=\dimen178
\captionmargin=\dimen179
\caption@leftmargin=\dimen180
\caption@rightmargin=\dimen181
\caption@width=\dimen182
\caption@indent=\dimen183
\caption@parindent=\dimen184
\caption@hangindent=\dimen185
Package caption Info: Standard document class detected.
)
\c@caption@flags=\count325
\c@continuedfloat=\count326
Package caption Info: float package is loaded.
Package caption Info: hyperref package is loaded.
)
Package caption Info: New subtype `subfigure' on input line 238.
\c@subfigure=\count327
Package caption Info: New subtype `subtable' on input line 238.
\c@subtable=\count328
)
(C:\Users\User\AppData\Local\Programs\MiKTeX\tex/latex/geometry\geometry.sty
Package: geometry 2026/03/07 v6.0 Page Geometry

(C:\Users\User\AppData\Local\Programs\MiKTeX\tex/generic/iftex\ifvtex.sty
Package: ifvtex 2019/10/25 v1.7 ifvtex legacy package. Use iftex instead.
)
\Gm@cnth=\count329
\Gm@cntv=\count330
\c@Gm@tempcnt=\count331
\Gm@bindingoffset=\dimen186
\Gm@wd@mp=\dimen187
\Gm@odd@mp=\dimen188
\Gm@even@mp=\dimen189
\Gm@layoutwidth=\dimen190
\Gm@layoutheight=\dimen191
\Gm@layouthoffset=\dimen192
\Gm@layoutvoffset=\dimen193
\Gm@dimlist=\toks28

(C:\Users\User\AppData\Local\Programs\MiKTeX\tex/latex/geometry\geometry.cfg))
(C:\Users\User\AppData\Local\Programs\MiKTeX\tex/latex/l3backend\l3backend-pdft
ex.def
File: l3backend-pdftex.def 2025-10-09 L3 backend support: PDF output (pdfTeX)
\l__color_backend_stack_int=\count332
) (Report_8.aux

LaTeX Warning: Label `fig:AgglomerativeClustering-ksp1' multiply defined.


LaTeX Warning: Label `fig:hd-zstarold-zstarnew-lambda1' multiply defined.


LaTeX Warning: Label `sub@fig:hd-zstarold-zstarnew-lambda1' multiply defined.


LaTeX Warning: Label `fig:hd-zt-zstar-lambda1' multiply defined.


LaTeX Warning: Label `sub@fig:hd-zt-zstar-lambda1' multiply defined.


LaTeX Warning: Label `fig:hd-zopt-zstar-lambda1' multiply defined.


LaTeX Warning: Label `sub@fig:hd-zopt-zstar-lambda1' multiply defined.


LaTeX Warning: Label `fig:fQ-zstar-lambda1' multiply defined.


LaTeX Warning: Label `sub@fig:fQ-zstar-lambda1' multiply defined.


LaTeX Warning: Label `fig:fQ-zt-lambda1' multiply defined.


LaTeX Warning: Label `sub@fig:fQ-zt-lambda1' multiply defined.


LaTeX Warning: Label `fig:hd-zstarold-zstarnew-lambda2' multiply defined.


LaTeX Warning: Label `sub@fig:hd-zstarold-zstarnew-lambda2' multiply defined.


LaTeX Warning: Label `fig:hd-zt-zstar-lambda2' multiply defined.


LaTeX Warning: Label `sub@fig:hd-zt-zstar-lambda2' multiply defined.


LaTeX Warning: Label `fig:hd-zopt-zstar-lambda2' multiply defined.


LaTeX Warning: Label `sub@fig:hd-zopt-zstar-lambda2' multiply defined.


LaTeX Warning: Label `fig:fQ-zstar-lambda2' multiply defined.


LaTeX Warning: Label `sub@fig:fQ-zstar-lambda2' multiply defined.


LaTeX Warning: Label `fig:fQ-zt-lambda2' multiply defined.


LaTeX Warning: Label `sub@fig:fQ-zt-lambda2' multiply defined.


LaTeX Warning: Label `fig:AgglomerativeClustering-ksp3' multiply defined.


LaTeX Warning: Label `tab:confronto-qals-noqals' multiply defined.


LaTeX Warning: Label `fig:hd-zstarold-zstarnew-lambda1' multiply defined.


LaTeX Warning: Label `sub@fig:hd-zstarold-zstarnew-lambda1' multiply defined.


LaTeX Warning: Label `fig:hd-zt-zstar-lambda1' multiply defined.


LaTeX Warning: Label `sub@fig:hd-zt-zstar-lambda1' multiply defined.


LaTeX Warning: Label `fig:hd-zopt-zstar-lambda1' multiply defined.


LaTeX Warning: Label `sub@fig:hd-zopt-zstar-lambda1' multiply defined.


LaTeX Warning: Label `fig:hd-zopt-zt-lambda1' multiply defined.


LaTeX Warning: Label `sub@fig:hd-zopt-zt-lambda1' multiply defined.


LaTeX Warning: Label `fig:fQ-zstar-lambda1' multiply defined.


LaTeX Warning: Label `sub@fig:fQ-zstar-lambda1' multiply defined.


LaTeX Warning: Label `fig:fQ-zt-lambda1' multiply defined.


LaTeX Warning: Label `sub@fig:fQ-zt-lambda1' multiply defined.


LaTeX Warning: Label `fig:hd-zstarold-zstarnew-lambda2' multiply defined.


LaTeX Warning: Label `sub@fig:hd-zstarold-zstarnew-lambda2' multiply defined.


LaTeX Warning: Label `fig:hd-zt-zstar-lambda2' multiply defined.


LaTeX Warning: Label `sub@fig:hd-zt-zstar-lambda2' multiply defined.


LaTeX Warning: Label `fig:hd-zopt-zstar-lambda2' multiply defined.


LaTeX Warning: Label `sub@fig:hd-zopt-zstar-lambda2' multiply defined.


LaTeX Warning: Label `fig:hd-zopt-zt-lambda2' multiply defined.


LaTeX Warning: Label `sub@fig:hd-zopt-zt-lambda2' multiply defined.


LaTeX Warning: Label `fig:fQ-zstar-lambda2' multiply defined.


LaTeX Warning: Label `sub@fig:fQ-zstar-lambda2' multiply defined.


LaTeX Warning: Label `fig:fQ-zt-lambda2' multiply defined.


LaTeX Warning: Label `sub@fig:fQ-zt-lambda2' multiply defined.


LaTeX Warning: Label `fig:AgglomerativeClustering-ksp2' multiply defined.


LaTeX Warning: Label `tab:confronto-qals-noqals' multiply defined.


LaTeX Warning: Label `fig:hd-zstarold-zstarnew-lambda1' multiply defined.


LaTeX Warning: Label `sub@fig:hd-zstarold-zstarnew-lambda1' multiply defined.


LaTeX Warning: Label `fig:hd-zt-zstar-lambda1' multiply defined.


LaTeX Warning: Label `sub@fig:hd-zt-zstar-lambda1' multiply defined.


LaTeX Warning: Label `fig:hd-zopt-zstar-lambda1' multiply defined.


LaTeX Warning: Label `sub@fig:hd-zopt-zstar-lambda1' multiply defined.


LaTeX Warning: Label `fig:hd-zopt-zt-lambda1' multiply defined.


LaTeX Warning: Label `sub@fig:hd-zopt-zt-lambda1' multiply defined.


LaTeX Warning: Label `fig:fQ-zstar-lambda1' multiply defined.


LaTeX Warning: Label `sub@fig:fQ-zstar-lambda1' multiply defined.


LaTeX Warning: Label `fig:fQ-zt-lambda1' multiply defined.


LaTeX Warning: Label `sub@fig:fQ-zt-lambda1' multiply defined.


LaTeX Warning: Label `fig:confronto-hamming-ksp11' multiply defined.


LaTeX Warning: Label `fig:AgglomerativeClustering-ksp1' multiply defined.


LaTeX Warning: Label `fig:hd-zstarold-zstarnew-lambda2' multiply defined.


LaTeX Warning: Label `sub@fig:hd-zstarold-zstarnew-lambda2' multiply defined.


LaTeX Warning: Label `fig:hd-zt-zstar-lambda2' multiply defined.


LaTeX Warning: Label `sub@fig:hd-zt-zstar-lambda2' multiply defined.


LaTeX Warning: Label `fig:hd-zopt-zstar-lambda2' multiply defined.


LaTeX Warning: Label `sub@fig:hd-zopt-zstar-lambda2' multiply defined.


LaTeX Warning: Label `fig:hd-zopt-zt-lambda2' multiply defined.


LaTeX Warning: Label `sub@fig:hd-zopt-zt-lambda2' multiply defined.


LaTeX Warning: Label `fig:fQ-zstar-lambda2' multiply defined.


LaTeX Warning: Label `sub@fig:fQ-zstar-lambda2' multiply defined.


LaTeX Warning: Label `fig:fQ-zt-lambda2' multiply defined.


LaTeX Warning: Label `sub@fig:fQ-zt-lambda2' multiply defined.


LaTeX Warning: Label `fig:confronto-hamming-ksp12' multiply defined.


LaTeX Warning: Label `fig:AgglomerativeClustering-ksp1' multiply defined.


LaTeX Warning: Label `tab:confronto-qals-noqals' multiply defined.


LaTeX Warning: Label `fig:hd-zstarold-zstarnew-lambda1' multiply defined.


LaTeX Warning: Label `sub@fig:hd-zstarold-zstarnew-lambda1' multiply defined.


LaTeX Warning: Label `fig:hd-zt-zstar-lambda1' multiply defined.


LaTeX Warning: Label `sub@fig:hd-zt-zstar-lambda1' multiply defined.


LaTeX Warning: Label `fig:hd-zopt-zstar-lambda1' multiply defined.


LaTeX Warning: Label `sub@fig:hd-zopt-zstar-lambda1' multiply defined.


LaTeX Warning: Label `fig:hd-zopt-zt-lambda1' multiply defined.


LaTeX Warning: Label `sub@fig:hd-zopt-zt-lambda1' multiply defined.


LaTeX Warning: Label `fig:fQ-zstar-lambda1' multiply defined.


LaTeX Warning: Label `sub@fig:fQ-zstar-lambda1' multiply defined.


LaTeX Warning: Label `fig:fQ-zt-lambda1' multiply defined.


LaTeX Warning: Label `sub@fig:fQ-zt-lambda1' multiply defined.


LaTeX Warning: Label `fig:confronto-hamming-ksp31' multiply defined.


LaTeX Warning: Label `fig:AgglomerativeClustering-ksp3' multiply defined.


LaTeX Warning: Label `fig:hd-zstarold-zstarnew-lambda2' multiply defined.


LaTeX Warning: Label `sub@fig:hd-zstarold-zstarnew-lambda2' multiply defined.


LaTeX Warning: Label `fig:hd-zt-zstar-lambda2' multiply defined.


LaTeX Warning: Label `sub@fig:hd-zt-zstar-lambda2' multiply defined.


LaTeX Warning: Label `fig:hd-zopt-zstar-lambda2' multiply defined.


LaTeX Warning: Label `sub@fig:hd-zopt-zstar-lambda2' multiply defined.


LaTeX Warning: Label `fig:hd-zopt-zt-lambda2' multiply defined.


LaTeX Warning: Label `sub@fig:hd-zopt-zt-lambda2' multiply defined.


LaTeX Warning: Label `fig:fQ-zstar-lambda2' multiply defined.


LaTeX Warning: Label `sub@fig:fQ-zstar-lambda2' multiply defined.


LaTeX Warning: Label `fig:fQ-zt-lambda2' multiply defined.


LaTeX Warning: Label `sub@fig:fQ-zt-lambda2' multiply defined.


LaTeX Warning: Label `fig:confronto-hamming-ksp32' multiply defined.


LaTeX Warning: Label `fig:AgglomerativeClustering-ksp3' multiply defined.


LaTeX Warning: Label `tab:confronto-qals-noqals' multiply defined.


LaTeX Warning: Label `fig:hd-zstarold-zstarnew-lambda1' multiply defined.


LaTeX Warning: Label `sub@fig:hd-zstarold-zstarnew-lambda1' multiply defined.


LaTeX Warning: Label `fig:hd-zt-zstar-lambda1' multiply defined.


LaTeX Warning: Label `sub@fig:hd-zt-zstar-lambda1' multiply defined.


LaTeX Warning: Label `fig:hd-zopt-zstar-lambda1' multiply defined.


LaTeX Warning: Label `sub@fig:hd-zopt-zstar-lambda1' multiply defined.


LaTeX Warning: Label `fig:hd-zopt-zt-lambda1' multiply defined.


LaTeX Warning: Label `sub@fig:hd-zopt-zt-lambda1' multiply defined.


LaTeX Warning: Label `fig:fQ-zstar-lambda1' multiply defined.


LaTeX Warning: Label `sub@fig:fQ-zstar-lambda1' multiply defined.


LaTeX Warning: Label `fig:fQ-zt-lambda1' multiply defined.


LaTeX Warning: Label `sub@fig:fQ-zt-lambda1' multiply defined.


LaTeX Warning: Label `fig:confronto-hamming-ksp21' multiply defined.


LaTeX Warning: Label `fig:AgglomerativeClustering-ksp2' multiply defined.


LaTeX Warning: Label `fig:hd-zstarold-zstarnew-lambda2' multiply defined.


LaTeX Warning: Label `sub@fig:hd-zstarold-zstarnew-lambda2' multiply defined.


LaTeX Warning: Label `fig:hd-zt-zstar-lambda2' multiply defined.


LaTeX Warning: Label `sub@fig:hd-zt-zstar-lambda2' multiply defined.


LaTeX Warning: Label `fig:hd-zopt-zstar-lambda2' multiply defined.


LaTeX Warning: Label `sub@fig:hd-zopt-zstar-lambda2' multiply defined.


LaTeX Warning: Label `fig:hd-zopt-zt-lambda2' multiply defined.


LaTeX Warning: Label `sub@fig:hd-zopt-zt-lambda2' multiply defined.


LaTeX Warning: Label `fig:fQ-zstar-lambda2' multiply defined.


LaTeX Warning: Label `sub@fig:fQ-zstar-lambda2' multiply defined.


LaTeX Warning: Label `fig:fQ-zt-lambda2' multiply defined.


LaTeX Warning: Label `sub@fig:fQ-zt-lambda2' multiply defined.


LaTeX Warning: Label `fig:confronto-hamming-ksp22' multiply defined.


LaTeX Warning: Label `fig:AgglomerativeClustering-ksp2' multiply defined.

)
\openout1 = `Report_8.aux'.

LaTeX Font Info:    Checking defaults for OML/cmm/m/it on input line 21.
LaTeX Font Info:    ... okay on input line 21.
LaTeX Font Info:    Checking defaults for OMS/cmsy/m/n on input line 21.
LaTeX Font Info:    ... okay on input line 21.
LaTeX Font Info:    Checking defaults for OT1/cmr/m/n on input line 21.
LaTeX Font Info:    ... okay on input line 21.
LaTeX Font Info:    Checking defaults for T1/cmr/m/n on input line 21.
LaTeX Font Info:    ... okay on input line 21.
LaTeX Font Info:    Checking defaults for TS1/cmr/m/n on input line 21.
LaTeX Font Info:    ... okay on input line 21.
LaTeX Font Info:    Checking defaults for OMX/cmex/m/n on input line 21.
LaTeX Font Info:    ... okay on input line 21.
LaTeX Font Info:    Checking defaults for U/cmr/m/n on input line 21.
LaTeX Font Info:    ... okay on input line 21.
LaTeX Font Info:    Checking defaults for PD1/pdf/m/n on input line 21.
LaTeX Font Info:    ... okay on input line 21.
LaTeX Font Info:    Checking defaults for PU/pdf/m/n on input line 21.
LaTeX Font Info:    ... okay on input line 21.
LaTeX Info: Redefining \it@ocap on input line 21.
LaTeX Info: Redefining \it@ccap on input line 21.

(C:\Users\User\AppData\Local\Programs\MiKTeX\tex/context/base/mkii\supp-pdf.mki
i
[Loading MPS to PDF converter (version 2006.09.02).]
\scratchcounter=\count333
\scratchdimen=\dimen194
\scratchbox=\box57
\nofMPsegments=\count334
\nofMParguments=\count335
\everyMPshowfont=\toks29
\MPscratchCnt=\count336
\MPscratchDim=\dimen195
\MPnumerator=\count337
\makeMPintoPDFobject=\count338
\everyMPtoPDFconversion=\toks30
)
(C:\Users\User\AppData\Local\Programs\MiKTeX\tex/latex/epstopdf-pkg\epstopdf-ba
se.sty
Package: epstopdf-base 2020-01-24 v2.11 Base part for package epstopdf
Package epstopdf-base Info: Redefining graphics rule for `.eps' on input line 4
85.

(C:\Users\User\AppData\Local\Programs\MiKTeX\tex/latex/00miktex\epstopdf-sys.cf
g
File: epstopdf-sys.cfg 2021/03/18 v2.0 Configuration of epstopdf for MiKTeX
))
Package hyperref Info: Link coloring OFF on input line 21.
 (Report_8.out) (Report_8.out)
\@outlinefile=\write3
\openout3 = `Report_8.out'.

Package caption Info: Begin \AtBeginDocument code.
Package caption Info: End \AtBeginDocument code.

*geometry* driver: auto-detecting
*geometry* detected driver: pdftex
*geometry* verbose mode - [ preamble ] result:
* driver: pdftex
* paper: a4paper
* layout: <same size as paper>
* layoutoffset:(h,v)=(0.0pt,0.0pt)
* modes: 
* h-part:(L,W,R)=(56.9055pt, 483.69687pt, 56.9055pt)
* v-part:(T,H,B)=(56.9055pt, 731.23584pt, 56.9055pt)
* \paperwidth=597.50787pt
* \paperheight=845.04684pt
* \textwidth=483.69687pt
* \textheight=731.23584pt
* \oddsidemargin=-15.36449pt
* \evensidemargin=-15.36449pt
* \topmargin=-52.36449pt
* \headheight=12.0pt
* \headsep=25.0pt
* \topskip=12.0pt
* \footskip=30.0pt
* \marginparwidth=35.0pt
* \marginparsep=10.0pt
* \columnsep=10.0pt
* \skip\footins=10.8pt plus 4.0pt minus 2.0pt
* \hoffset=0.0pt
* \voffset=0.0pt
* \mag=1000
* \@twocolumnfalse
* \@twosidefalse
* \@mparswitchfalse
* \@reversemarginfalse
* (1in=72.27pt=25.4mm, 1cm=28.453pt)

LaTeX Font Info:    Trying to load font information for U+msa on input line 24.

(C:\Users\User\AppData\Local\Programs\MiKTeX\tex/latex/amsfonts\umsa.fd
File: umsa.fd 2013/01/14 v3.01 AMS symbols A
)
LaTeX Font Info:    Trying to load font information for U+msb on input line 24.


(C:\Users\User\AppData\Local\Programs\MiKTeX\tex/latex/amsfonts\umsb.fd
File: umsb.fd 2013/01/14 v3.01 AMS symbols B
)

LaTeX Warning: No \author given.

[1

{C:/Users/User/AppData/Local/MiKTeX/fonts/map/pdftex/pdftex.map}] [2]
[3]

LaTeX Warning: Command \` invalid in math mode on input line 159.

Missing character: There is no ò in font cmr12!
[4]
<../Quantum-Annealing-for-solving-QUBO-Problems/test/Diagnostica_QALS/2/ksp_1/l
ambda_650_dot_C/2000_1_HD_z_star_old_z_star_new.png, id=110, 715.2321pt x 353.1
594pt>
File: ../Quantum-Annealing-for-solving-QUBO-Problems/test/Diagnostica_QALS/2/ks
p_1/lambda_650_dot_C/2000_1_HD_z_star_old_z_star_new.png Graphic file (type png
)
<use ../Quantum-Annealing-for-solving-QUBO-Problems/test/Diagnostica_QALS/2/ksp
_1/lambda_650_dot_C/2000_1_HD_z_star_old_z_star_new.png>
Package pdftex.def Info: ../Quantum-Annealing-for-solving-QUBO-Problems/test/Di
agnostica_QALS/2/ksp_1/lambda_650_dot_C/2000_1_HD_z_star_old_z_star_new.png  us
ed on input line 203.
(pdftex.def)             Requested size: 239.42758pt x 118.21886pt.
<../Quantum-Annealing-for-solving-QUBO-Problems/test/Diagnostica_QALS/2/ksp_1/l
ambda_650_dot_C/2000_1_HD_z_t_z_star.png, id=112, 715.2321pt x 353.1594pt>
File: ../Quantum-Annealing-for-solving-QUBO-Problems/test/Diagnostica_QALS/2/ks
p_1/lambda_650_dot_C/2000_1_HD_z_t_z_star.png Graphic file (type png)
<use ../Quantum-Annealing-for-solving-QUBO-Problems/test/Diagnostica_QALS/2/ksp
_1/lambda_650_dot_C/2000_1_HD_z_t_z_star.png>
Package pdftex.def Info: ../Quantum-Annealing-for-solving-QUBO-Problems/test/Di
agnostica_QALS/2/ksp_1/lambda_650_dot_C/2000_1_HD_z_t_z_star.png  used on input
 line 210.
(pdftex.def)             Requested size: 239.42758pt x 118.21886pt.
<../Quantum-Annealing-for-solving-QUBO-Problems/test/Diagnostica_QALS/2/ksp_1/l
ambda_650_dot_C/2000_1_HD_z_opt_z_star.png, id=113, 715.2321pt x 353.1594pt>
File: ../Quantum-Annealing-for-solving-QUBO-Problems/test/Diagnostica_QALS/2/ks
p_1/lambda_650_dot_C/2000_1_HD_z_opt_z_star.png Graphic file (type png)
<use ../Quantum-Annealing-for-solving-QUBO-Problems/test/Diagnostica_QALS/2/ksp
_1/lambda_650_dot_C/2000_1_HD_z_opt_z_star.png>
Package pdftex.def Info: ../Quantum-Annealing-for-solving-QUBO-Problems/test/Di
agnostica_QALS/2/ksp_1/lambda_650_dot_C/2000_1_HD_z_opt_z_star.png  used on inp
ut line 219.
(pdftex.def)             Requested size: 239.42758pt x 118.21886pt.
<../Quantum-Annealing-for-solving-QUBO-Problems/test/Diagnostica_QALS/2/ksp_1/l
ambda_650_dot_C/2000_1_HD_z_opt_z_prop.png, id=114, 715.2321pt x 353.1594pt>
File: ../Quantum-Annealing-for-solving-QUBO-Problems/test/Diagnostica_QALS/2/ks
p_1/lambda_650_dot_C/2000_1_HD_z_opt_z_prop.png Graphic file (type png)
<use ../Quantum-Annealing-for-solving-QUBO-Problems/test/Diagnostica_QALS/2/ksp
_1/lambda_650_dot_C/2000_1_HD_z_opt_z_prop.png>
Package pdftex.def Info: ../Quantum-Annealing-for-solving-QUBO-Problems/test/Di
agnostica_QALS/2/ksp_1/lambda_650_dot_C/2000_1_HD_z_opt_z_prop.png  used on inp
ut line 226.
(pdftex.def)             Requested size: 239.42758pt x 118.21886pt.
<../Quantum-Annealing-for-solving-QUBO-Problems/test/Diagnostica_QALS/2/ksp_1/l
ambda_650_dot_C/2000_1_FQ_z_opt_z_star.png, id=115, 715.473pt x 353.1594pt>
File: ../Quantum-Annealing-for-solving-QUBO-Problems/test/Diagnostica_QALS/2/ks
p_1/lambda_650_dot_C/2000_1_FQ_z_opt_z_star.png Graphic file (type png)
<use ../Quantum-Annealing-for-solving-QUBO-Problems/test/Diagnostica_QALS/2/ksp
_1/lambda_650_dot_C/2000_1_FQ_z_opt_z_star.png>
Package pdftex.def Info: ../Quantum-Annealing-for-solving-QUBO-Problems/test/Di
agnostica_QALS/2/ksp_1/lambda_650_dot_C/2000_1_FQ_z_opt_z_star.png  used on inp
ut line 235.
(pdftex.def)             Requested size: 239.42758pt x 118.18114pt.
<../Quantum-Annealing-for-solving-QUBO-Problems/test/Diagnostica_QALS/2/ksp_1/l
ambda_650_dot_C/2000_1_FQ_z_opt_z_prop.png, id=116, 715.473pt x 353.1594pt>
File: ../Quantum-Annealing-for-solving-QUBO-Problems/test/Diagnostica_QALS/2/ks
p_1/lambda_650_dot_C/2000_1_FQ_z_opt_z_prop.png Graphic file (type png)
<use ../Quantum-Annealing-for-solving-QUBO-Problems/test/Diagnostica_QALS/2/ksp
_1/lambda_650_dot_C/2000_1_FQ_z_opt_z_prop.png>
Package pdftex.def Info: ../Quantum-Annealing-for-solving-QUBO-Problems/test/Di
agnostica_QALS/2/ksp_1/lambda_650_dot_C/2000_1_FQ_z_opt_z_prop.png  used on inp
ut line 242.
(pdftex.def)             Requested size: 239.42758pt x 118.18114pt.
<../Quantum-Annealing-for-solving-QUBO-Problems/test/Diagnostica_QALS/2/ksp_1/l
ambda_650_dot_C/dendrogram_2000_1.png, id=117, 1004.3121pt x 498.4221pt>
File: ../Quantum-Annealing-for-solving-QUBO-Problems/test/Diagnostica_QALS/2/ks
p_1/lambda_650_dot_C/dendrogram_2000_1.png Graphic file (type png)
<use ../Quantum-Annealing-for-solving-QUBO-Problems/test/Diagnostica_QALS/2/ksp
_1/lambda_650_dot_C/dendrogram_2000_1.png>
Package pdftex.def Info: ../Quantum-Annealing-for-solving-QUBO-Problems/test/Di
agnostica_QALS/2/ksp_1/lambda_650_dot_C/dendrogram_2000_1.png  used on input li
ne 251.
(pdftex.def)             Requested size: 483.69687pt x 240.05365pt.
 [5

 <../Quantum-Annealing-for-solving-QUBO-Problems/test/Diagnostica_QALS/2/ksp_1/
lambda_650_dot_C/2000_1_HD_z_star_old_z_star_new.png> <../Quantum-Annealing-for
-solving-QUBO-Problems/test/Diagnostica_QALS/2/ksp_1/lambda_650_dot_C/2000_1_HD
_z_t_z_star.png> <../Quantum-Annealing-for-solving-QUBO-Problems/test/Diagnosti
ca_QALS/2/ksp_1/lambda_650_dot_C/2000_1_HD_z_opt_z_star.png> <../Quantum-Anneal
ing-for-solving-QUBO-Problems/test/Diagnostica_QALS/2/ksp_1/lambda_650_dot_C/20
00_1_HD_z_opt_z_prop.png> <../Quantum-Annealing-for-solving-QUBO-Problems/test/
Diagnostica_QALS/2/ksp_1/lambda_650_dot_C/2000_1_FQ_z_opt_z_star.png> <../Quant
um-Annealing-for-solving-QUBO-Problems/test/Diagnostica_QALS/2/ksp_1/lambda_650
_dot_C/2000_1_FQ_z_opt_z_prop.png>] [6 <../Quantum-Annealing-for-solving-QUBO-P
roblems/test/Diagnostica_QALS/2/ksp_1/lambda_650_dot_C/dendrogram_2000_1.png>]
<../Quantum-Annealing-for-solving-QUBO-Problems/test/Diagnostica_QALS/2/ksp_1/l
ambda_div_3/2000_1_HD_z_star_old_z_star_new.png, id=140, 715.2321pt x 353.1594p
t>
File: ../Quantum-Annealing-for-solving-QUBO-Problems/test/Diagnostica_QALS/2/ks
p_1/lambda_div_3/2000_1_HD_z_star_old_z_star_new.png Graphic file (type png)
<use ../Quantum-Annealing-for-solving-QUBO-Problems/test/Diagnostica_QALS/2/ksp
_1/lambda_div_3/2000_1_HD_z_star_old_z_star_new.png>
Package pdftex.def Info: ../Quantum-Annealing-for-solving-QUBO-Problems/test/Di
agnostica_QALS/2/ksp_1/lambda_div_3/2000_1_HD_z_star_old_z_star_new.png  used o
n input line 261.
(pdftex.def)             Requested size: 239.42758pt x 118.21886pt.
<../Quantum-Annealing-for-solving-QUBO-Problems/test/Diagnostica_QALS/2/ksp_1/l
ambda_div_3/2000_1_HD_z_t_z_star.png, id=141, 715.2321pt x 353.1594pt>
File: ../Quantum-Annealing-for-solving-QUBO-Problems/test/Diagnostica_QALS/2/ks
p_1/lambda_div_3/2000_1_HD_z_t_z_star.png Graphic file (type png)
<use ../Quantum-Annealing-for-solving-QUBO-Problems/test/Diagnostica_QALS/2/ksp
_1/lambda_div_3/2000_1_HD_z_t_z_star.png>
Package pdftex.def Info: ../Quantum-Annealing-for-solving-QUBO-Problems/test/Di
agnostica_QALS/2/ksp_1/lambda_div_3/2000_1_HD_z_t_z_star.png  used on input lin
e 268.
(pdftex.def)             Requested size: 239.42758pt x 118.21886pt.
<../Quantum-Annealing-for-solving-QUBO-Problems/test/Diagnostica_QALS/2/ksp_1/l
ambda_div_3/2000_1_HD_z_opt_z_star.png, id=142, 715.2321pt x 353.1594pt>
File: ../Quantum-Annealing-for-solving-QUBO-Problems/test/Diagnostica_QALS/2/ks
p_1/lambda_div_3/2000_1_HD_z_opt_z_star.png Graphic file (type png)
<use ../Quantum-Annealing-for-solving-QUBO-Problems/test/Diagnostica_QALS/2/ksp
_1/lambda_div_3/2000_1_HD_z_opt_z_star.png>
Package pdftex.def Info: ../Quantum-Annealing-for-solving-QUBO-Problems/test/Di
agnostica_QALS/2/ksp_1/lambda_div_3/2000_1_HD_z_opt_z_star.png  used on input l
ine 277.
(pdftex.def)             Requested size: 239.42758pt x 118.21886pt.
<../Quantum-Annealing-for-solving-QUBO-Problems/test/Diagnostica_QALS/2/ksp_1/l
ambda_div_3/2000_1_HD_z_opt_z_prop.png, id=143, 715.2321pt x 353.1594pt>
File: ../Quantum-Annealing-for-solving-QUBO-Problems/test/Diagnostica_QALS/2/ks
p_1/lambda_div_3/2000_1_HD_z_opt_z_prop.png Graphic file (type png)
<use ../Quantum-Annealing-for-solving-QUBO-Problems/test/Diagnostica_QALS/2/ksp
_1/lambda_div_3/2000_1_HD_z_opt_z_prop.png>
Package pdftex.def Info: ../Quantum-Annealing-for-solving-QUBO-Problems/test/Di
agnostica_QALS/2/ksp_1/lambda_div_3/2000_1_HD_z_opt_z_prop.png  used on input l
ine 284.
(pdftex.def)             Requested size: 239.42758pt x 118.21886pt.
<../Quantum-Annealing-for-solving-QUBO-Problems/test/Diagnostica_QALS/2/ksp_1/l
ambda_div_3/2000_1_FQ_z_opt_z_star.png, id=144, 715.2321pt x 353.1594pt>
File: ../Quantum-Annealing-for-solving-QUBO-Problems/test/Diagnostica_QALS/2/ks
p_1/lambda_div_3/2000_1_FQ_z_opt_z_star.png Graphic file (type png)
<use ../Quantum-Annealing-for-solving-QUBO-Problems/test/Diagnostica_QALS/2/ksp
_1/lambda_div_3/2000_1_FQ_z_opt_z_star.png>
Package pdftex.def Info: ../Quantum-Annealing-for-solving-QUBO-Problems/test/Di
agnostica_QALS/2/ksp_1/lambda_div_3/2000_1_FQ_z_opt_z_star.png  used on input l
ine 293.
(pdftex.def)             Requested size: 239.42758pt x 118.21886pt.
<../Quantum-Annealing-for-solving-QUBO-Problems/test/Diagnostica_QALS/2/ksp_1/l
ambda_div_3/2000_1_FQ_z_opt_z_prop.png, id=145, 715.473pt x 353.1594pt>
File: ../Quantum-Annealing-for-solving-QUBO-Problems/test/Diagnostica_QALS/2/ks
p_1/lambda_div_3/2000_1_FQ_z_opt_z_prop.png Graphic file (type png)
<use ../Quantum-Annealing-for-solving-QUBO-Problems/test/Diagnostica_QALS/2/ksp
_1/lambda_div_3/2000_1_FQ_z_opt_z_prop.png>
Package pdftex.def Info: ../Quantum-Annealing-for-solving-QUBO-Problems/test/Di
agnostica_QALS/2/ksp_1/lambda_div_3/2000_1_FQ_z_opt_z_prop.png  used on input l
ine 300.
(pdftex.def)             Requested size: 239.42758pt x 118.18114pt.
<../Quantum-Annealing-for-solving-QUBO-Problems/test/Diagnostica_QALS/2/ksp_1/l
ambda_div_3/dendrogram_2000_1.png, id=146, 1004.3121pt x 498.4221pt>
File: ../Quantum-Annealing-for-solving-QUBO-Problems/test/Diagnostica_QALS/2/ks
p_1/lambda_div_3/dendrogram_2000_1.png Graphic file (type png)
<use ../Quantum-Annealing-for-solving-QUBO-Problems/test/Diagnostica_QALS/2/ksp
_1/lambda_div_3/dendrogram_2000_1.png>
Package pdftex.def Info: ../Quantum-Annealing-for-solving-QUBO-Problems/test/Di
agnostica_QALS/2/ksp_1/lambda_div_3/dendrogram_2000_1.png  used on input line 3
09.
(pdftex.def)             Requested size: 483.69687pt x 240.05365pt.
 [7

 <../Quantum-Annealing-for-solving-QUBO-Problems/test/Diagnostica_QALS/2/ksp_1/
lambda_div_3/2000_1_HD_z_star_old_z_star_new.png> <../Quantum-Annealing-for-sol
ving-QUBO-Problems/test/Diagnostica_QALS/2/ksp_1/lambda_div_3/2000_1_HD_z_t_z_s
tar.png> <../Quantum-Annealing-for-solving-QUBO-Problems/test/Diagnostica_QALS/
2/ksp_1/lambda_div_3/2000_1_HD_z_opt_z_star.png> <../Quantum-Annealing-for-solv
ing-QUBO-Problems/test/Diagnostica_QALS/2/ksp_1/lambda_div_3/2000_1_HD_z_opt_z_
prop.png> <../Quantum-Annealing-for-solving-QUBO-Problems/test/Diagnostica_QALS
/2/ksp_1/lambda_div_3/2000_1_FQ_z_opt_z_star.png> <../Quantum-Annealing-for-sol
ving-QUBO-Problems/test/Diagnostica_QALS/2/ksp_1/lambda_div_3/2000_1_FQ_z_opt_z
_prop.png>] [8 <../Quantum-Annealing-for-solving-QUBO-Problems/test/Diagnostica
_QALS/2/ksp_1/lambda_div_3/dendrogram_2000_1.png>]
<../Quantum-Annealing-for-solving-QUBO-Problems/test/Diagnostica_QALS/2/ksp_3/l
ambda_650_dot_C/2000_1_HD_z_star_old_z_star_new.png, id=165, 715.473pt x 353.15
94pt>
File: ../Quantum-Annealing-for-solving-QUBO-Problems/test/Diagnostica_QALS/2/ks
p_3/lambda_650_dot_C/2000_1_HD_z_star_old_z_star_new.png Graphic file (type png
)
<use ../Quantum-Annealing-for-solving-QUBO-Problems/test/Diagnostica_QALS/2/ksp
_3/lambda_650_dot_C/2000_1_HD_z_star_old_z_star_new.png>
Package pdftex.def Info: ../Quantum-Annealing-for-solving-QUBO-Problems/test/Di
agnostica_QALS/2/ksp_3/lambda_650_dot_C/2000_1_HD_z_star_old_z_star_new.png  us
ed on input line 352.
(pdftex.def)             Requested size: 239.42758pt x 118.18114pt.
<../Quantum-Annealing-for-solving-QUBO-Problems/test/Diagnostica_QALS/2/ksp_3/l
ambda_650_dot_C/2000_1_HD_z_t_z_star.png, id=166, 715.473pt x 353.1594pt>
File: ../Quantum-Annealing-for-solving-QUBO-Problems/test/Diagnostica_QALS/2/ks
p_3/lambda_650_dot_C/2000_1_HD_z_t_z_star.png Graphic file (type png)
<use ../Quantum-Annealing-for-solving-QUBO-Problems/test/Diagnostica_QALS/2/ksp
_3/lambda_650_dot_C/2000_1_HD_z_t_z_star.png>
Package pdftex.def Info: ../Quantum-Annealing-for-solving-QUBO-Problems/test/Di
agnostica_QALS/2/ksp_3/lambda_650_dot_C/2000_1_HD_z_t_z_star.png  used on input
 line 359.
(pdftex.def)             Requested size: 239.42758pt x 118.18114pt.
<../Quantum-Annealing-for-solving-QUBO-Problems/test/Diagnostica_QALS/2/ksp_3/l
ambda_650_dot_C/2000_1_HD_z_opt_z_star.png, id=167, 715.473pt x 353.1594pt>
File: ../Quantum-Annealing-for-solving-QUBO-Problems/test/Diagnostica_QALS/2/ks
p_3/lambda_650_dot_C/2000_1_HD_z_opt_z_star.png Graphic file (type png)
<use ../Quantum-Annealing-for-solving-QUBO-Problems/test/Diagnostica_QALS/2/ksp
_3/lambda_650_dot_C/2000_1_HD_z_opt_z_star.png>
Package pdftex.def Info: ../Quantum-Annealing-for-solving-QUBO-Problems/test/Di
agnostica_QALS/2/ksp_3/lambda_650_dot_C/2000_1_HD_z_opt_z_star.png  used on inp
ut line 368.
(pdftex.def)             Requested size: 239.42758pt x 118.18114pt.
<../Quantum-Annealing-for-solving-QUBO-Problems/test/Diagnostica_QALS/2/ksp_3/l
ambda_650_dot_C/2000_1_HD_z_opt_z_prop.png, id=168, 715.473pt x 353.1594pt>
File: ../Quantum-Annealing-for-solving-QUBO-Problems/test/Diagnostica_QALS/2/ks
p_3/lambda_650_dot_C/2000_1_HD_z_opt_z_prop.png Graphic file (type png)
<use ../Quantum-Annealing-for-solving-QUBO-Problems/test/Diagnostica_QALS/2/ksp
_3/lambda_650_dot_C/2000_1_HD_z_opt_z_prop.png>
Package pdftex.def Info: ../Quantum-Annealing-for-solving-QUBO-Problems/test/Di
agnostica_QALS/2/ksp_3/lambda_650_dot_C/2000_1_HD_z_opt_z_prop.png  used on inp
ut line 375.
(pdftex.def)             Requested size: 239.42758pt x 118.18114pt.
<../Quantum-Annealing-for-solving-QUBO-Problems/test/Diagnostica_QALS/2/ksp_3/l
ambda_650_dot_C/2000_1_FQ_z_opt_z_star.png, id=169, 715.7139pt x 353.1594pt>
File: ../Quantum-Annealing-for-solving-QUBO-Problems/test/Diagnostica_QALS/2/ks
p_3/lambda_650_dot_C/2000_1_FQ_z_opt_z_star.png Graphic file (type png)
<use ../Quantum-Annealing-for-solving-QUBO-Problems/test/Diagnostica_QALS/2/ksp
_3/lambda_650_dot_C/2000_1_FQ_z_opt_z_star.png>
Package pdftex.def Info: ../Quantum-Annealing-for-solving-QUBO-Problems/test/Di
agnostica_QALS/2/ksp_3/lambda_650_dot_C/2000_1_FQ_z_opt_z_star.png  used on inp
ut line 384.
(pdftex.def)             Requested size: 239.42758pt x 118.14342pt.
<../Quantum-Annealing-for-solving-QUBO-Problems/test/Diagnostica_QALS/2/ksp_3/l
ambda_650_dot_C/2000_1_FQ_z_opt_z_prop.png, id=170, 715.7139pt x 353.1594pt>
File: ../Quantum-Annealing-for-solving-QUBO-Problems/test/Diagnostica_QALS/2/ks
p_3/lambda_650_dot_C/2000_1_FQ_z_opt_z_prop.png Graphic file (type png)
<use ../Quantum-Annealing-for-solving-QUBO-Problems/test/Diagnostica_QALS/2/ksp
_3/lambda_650_dot_C/2000_1_FQ_z_opt_z_prop.png>
Package pdftex.def Info: ../Quantum-Annealing-for-solving-QUBO-Problems/test/Di
agnostica_QALS/2/ksp_3/lambda_650_dot_C/2000_1_FQ_z_opt_z_prop.png  used on inp
ut line 391.
(pdftex.def)             Requested size: 239.42758pt x 118.14342pt.
 [9

]
<../Quantum-Annealing-for-solving-QUBO-Problems/test/Diagnostica_QALS/2/ksp_3/l
ambda_650_dot_C/dendrogram_2000_1.png, id=176, 1004.3121pt x 498.4221pt>
File: ../Quantum-Annealing-for-solving-QUBO-Problems/test/Diagnostica_QALS/2/ks
p_3/lambda_650_dot_C/dendrogram_2000_1.png Graphic file (type png)
<use ../Quantum-Annealing-for-solving-QUBO-Problems/test/Diagnostica_QALS/2/ksp
_3/lambda_650_dot_C/dendrogram_2000_1.png>
Package pdftex.def Info: ../Quantum-Annealing-for-solving-QUBO-Problems/test/Di
agnostica_QALS/2/ksp_3/lambda_650_dot_C/dendrogram_2000_1.png  used on input li
ne 400.
(pdftex.def)             Requested size: 483.69687pt x 240.05365pt.
 [10 <../Quantum-Annealing-for-solving-QUBO-Problems/test/Diagnostica_QALS/2/ks
p_3/lambda_650_dot_C/2000_1_HD_z_star_old_z_star_new.png> <../Quantum-Annealing
-for-solving-QUBO-Problems/test/Diagnostica_QALS/2/ksp_3/lambda_650_dot_C/2000_
1_HD_z_t_z_star.png> <../Quantum-Annealing-for-solving-QUBO-Problems/test/Diagn
ostica_QALS/2/ksp_3/lambda_650_dot_C/2000_1_HD_z_opt_z_star.png> <../Quantum-An
nealing-for-solving-QUBO-Problems/test/Diagnostica_QALS/2/ksp_3/lambda_650_dot_
C/2000_1_HD_z_opt_z_prop.png> <../Quantum-Annealing-for-solving-QUBO-Problems/t
est/Diagnostica_QALS/2/ksp_3/lambda_650_dot_C/2000_1_FQ_z_opt_z_star.png> <../Q
uantum-Annealing-for-solving-QUBO-Problems/test/Diagnostica_QALS/2/ksp_3/lambda
_650_dot_C/2000_1_FQ_z_opt_z_prop.png>] [11 <../Quantum-Annealing-for-solving-Q
UBO-Problems/test/Diagnostica_QALS/2/ksp_3/lambda_650_dot_C/dendrogram_2000_1.p
ng>]
<../Quantum-Annealing-for-solving-QUBO-Problems/test/Diagnostica_QALS/2/ksp_3/l
ambda_div_3/2000_1_HD_z_star_old_z_star_new.png, id=194, 715.2321pt x 353.1594p
t>
File: ../Quantum-Annealing-for-solving-QUBO-Problems/test/Diagnostica_QALS/2/ks
p_3/lambda_div_3/2000_1_HD_z_star_old_z_star_new.png Graphic file (type png)
<use ../Quantum-Annealing-for-solving-QUBO-Problems/test/Diagnostica_QALS/2/ksp
_3/lambda_div_3/2000_1_HD_z_star_old_z_star_new.png>
Package pdftex.def Info: ../Quantum-Annealing-for-solving-QUBO-Problems/test/Di
agnostica_QALS/2/ksp_3/lambda_div_3/2000_1_HD_z_star_old_z_star_new.png  used o
n input line 410.
(pdftex.def)             Requested size: 239.42758pt x 118.21886pt.
<../Quantum-Annealing-for-solving-QUBO-Problems/test/Diagnostica_QALS/2/ksp_3/l
ambda_div_3/2000_1_HD_z_t_z_star.png, id=195, 715.473pt x 353.1594pt>
File: ../Quantum-Annealing-for-solving-QUBO-Problems/test/Diagnostica_QALS/2/ks
p_3/lambda_div_3/2000_1_HD_z_t_z_star.png Graphic file (type png)
<use ../Quantum-Annealing-for-solving-QUBO-Problems/test/Diagnostica_QALS/2/ksp
_3/lambda_div_3/2000_1_HD_z_t_z_star.png>
Package pdftex.def Info: ../Quantum-Annealing-for-solving-QUBO-Problems/test/Di
agnostica_QALS/2/ksp_3/lambda_div_3/2000_1_HD_z_t_z_star.png  used on input lin
e 417.
(pdftex.def)             Requested size: 239.42758pt x 118.18114pt.
<../Quantum-Annealing-for-solving-QUBO-Problems/test/Diagnostica_QALS/2/ksp_3/l
ambda_div_3/2000_1_HD_z_opt_z_star.png, id=196, 715.473pt x 353.1594pt>
File: ../Quantum-Annealing-for-solving-QUBO-Problems/test/Diagnostica_QALS/2/ks
p_3/lambda_div_3/2000_1_HD_z_opt_z_star.png Graphic file (type png)
<use ../Quantum-Annealing-for-solving-QUBO-Problems/test/Diagnostica_QALS/2/ksp
_3/lambda_div_3/2000_1_HD_z_opt_z_star.png>
Package pdftex.def Info: ../Quantum-Annealing-for-solving-QUBO-Problems/test/Di
agnostica_QALS/2/ksp_3/lambda_div_3/2000_1_HD_z_opt_z_star.png  used on input l
ine 426.
(pdftex.def)             Requested size: 239.42758pt x 118.18114pt.
<../Quantum-Annealing-for-solving-QUBO-Problems/test/Diagnostica_QALS/2/ksp_3/l
ambda_div_3/2000_1_HD_z_opt_z_prop.png, id=197, 715.473pt x 353.1594pt>
File: ../Quantum-Annealing-for-solving-QUBO-Problems/test/Diagnostica_QALS/2/ks
p_3/lambda_div_3/2000_1_HD_z_opt_z_prop.png Graphic file (type png)
<use ../Quantum-Annealing-for-solving-QUBO-Problems/test/Diagnostica_QALS/2/ksp
_3/lambda_div_3/2000_1_HD_z_opt_z_prop.png>
Package pdftex.def Info: ../Quantum-Annealing-for-solving-QUBO-Problems/test/Di
agnostica_QALS/2/ksp_3/lambda_div_3/2000_1_HD_z_opt_z_prop.png  used on input l
ine 433.
(pdftex.def)             Requested size: 239.42758pt x 118.18114pt.
<../Quantum-Annealing-for-solving-QUBO-Problems/test/Diagnostica_QALS/2/ksp_3/l
ambda_div_3/2000_1_FQ_z_opt_z_star.png, id=198, 715.473pt x 353.1594pt>
File: ../Quantum-Annealing-for-solving-QUBO-Problems/test/Diagnostica_QALS/2/ks
p_3/lambda_div_3/2000_1_FQ_z_opt_z_star.png Graphic file (type png)
<use ../Quantum-Annealing-for-solving-QUBO-Problems/test/Diagnostica_QALS/2/ksp
_3/lambda_div_3/2000_1_FQ_z_opt_z_star.png>
Package pdftex.def Info: ../Quantum-Annealing-for-solving-QUBO-Problems/test/Di
agnostica_QALS/2/ksp_3/lambda_div_3/2000_1_FQ_z_opt_z_star.png  used on input l
ine 442.
(pdftex.def)             Requested size: 239.42758pt x 118.18114pt.
<../Quantum-Annealing-for-solving-QUBO-Problems/test/Diagnostica_QALS/2/ksp_3/l
ambda_div_3/2000_1_FQ_z_opt_z_prop.png, id=199, 715.2321pt x 353.1594pt>
File: ../Quantum-Annealing-for-solving-QUBO-Problems/test/Diagnostica_QALS/2/ks
p_3/lambda_div_3/2000_1_FQ_z_opt_z_prop.png Graphic file (type png)
<use ../Quantum-Annealing-for-solving-QUBO-Problems/test/Diagnostica_QALS/2/ksp
_3/lambda_div_3/2000_1_FQ_z_opt_z_prop.png>
Package pdftex.def Info: ../Quantum-Annealing-for-solving-QUBO-Problems/test/Di
agnostica_QALS/2/ksp_3/lambda_div_3/2000_1_FQ_z_opt_z_prop.png  used on input l
ine 449.
(pdftex.def)             Requested size: 239.42758pt x 118.21886pt.
<../Quantum-Annealing-for-solving-QUBO-Problems/test/Diagnostica_QALS/2/ksp_3/l
ambda_div_3/dendrogram_2000_1.png, id=200, 1004.3121pt x 498.4221pt>
File: ../Quantum-Annealing-for-solving-QUBO-Problems/test/Diagnostica_QALS/2/ks
p_3/lambda_div_3/dendrogram_2000_1.png Graphic file (type png)
<use ../Quantum-Annealing-for-solving-QUBO-Problems/test/Diagnostica_QALS/2/ksp
_3/lambda_div_3/dendrogram_2000_1.png>
Package pdftex.def Info: ../Quantum-Annealing-for-solving-QUBO-Problems/test/Di
agnostica_QALS/2/ksp_3/lambda_div_3/dendrogram_2000_1.png  used on input line 4
58.
(pdftex.def)             Requested size: 483.69687pt x 240.05365pt.
 [12

 <../Quantum-Annealing-for-solving-QUBO-Problems/test/Diagnostica_QALS/2/ksp_3/
lambda_div_3/2000_1_HD_z_star_old_z_star_new.png> <../Quantum-Annealing-for-sol
ving-QUBO-Problems/test/Diagnostica_QALS/2/ksp_3/lambda_div_3/2000_1_HD_z_t_z_s
tar.png> <../Quantum-Annealing-for-solving-QUBO-Problems/test/Diagnostica_QALS/
2/ksp_3/lambda_div_3/2000_1_HD_z_opt_z_star.png> <../Quantum-Annealing-for-solv
ing-QUBO-Problems/test/Diagnostica_QALS/2/ksp_3/lambda_div_3/2000_1_HD_z_opt_z_
prop.png> <../Quantum-Annealing-for-solving-QUBO-Problems/test/Diagnostica_QALS
/2/ksp_3/lambda_div_3/2000_1_FQ_z_opt_z_star.png> <../Quantum-Annealing-for-sol
ving-QUBO-Problems/test/Diagnostica_QALS/2/ksp_3/lambda_div_3/2000_1_FQ_z_opt_z
_prop.png>] [13 <../Quantum-Annealing-for-solving-QUBO-Problems/test/Diagnostic
a_QALS/2/ksp_3/lambda_div_3/dendrogram_2000_1.png>]
<../Quantum-Annealing-for-solving-QUBO-Problems/test/Diagnostica_QALS/2/ksp_2/l
ambda_650_dot_C/2000_1_HD_z_star_old_z_star_new.png, id=219, 715.473pt x 353.15
94pt>
File: ../Quantum-Annealing-for-solving-QUBO-Problems/test/Diagnostica_QALS/2/ks
p_2/lambda_650_dot_C/2000_1_HD_z_star_old_z_star_new.png Graphic file (type png
)
<use ../Quantum-Annealing-for-solving-QUBO-Problems/test/Diagnostica_QALS/2/ksp
_2/lambda_650_dot_C/2000_1_HD_z_star_old_z_star_new.png>
Package pdftex.def Info: ../Quantum-Annealing-for-solving-QUBO-Problems/test/Di
agnostica_QALS/2/ksp_2/lambda_650_dot_C/2000_1_HD_z_star_old_z_star_new.png  us
ed on input line 496.
(pdftex.def)             Requested size: 239.42758pt x 118.18114pt.
<../Quantum-Annealing-for-solving-QUBO-Problems/test/Diagnostica_QALS/2/ksp_2/l
ambda_650_dot_C/2000_1_HD_z_t_z_star.png, id=220, 715.473pt x 353.1594pt>
File: ../Quantum-Annealing-for-solving-QUBO-Problems/test/Diagnostica_QALS/2/ks
p_2/lambda_650_dot_C/2000_1_HD_z_t_z_star.png Graphic file (type png)
<use ../Quantum-Annealing-for-solving-QUBO-Problems/test/Diagnostica_QALS/2/ksp
_2/lambda_650_dot_C/2000_1_HD_z_t_z_star.png>
Package pdftex.def Info: ../Quantum-Annealing-for-solving-QUBO-Problems/test/Di
agnostica_QALS/2/ksp_2/lambda_650_dot_C/2000_1_HD_z_t_z_star.png  used on input
 line 503.
(pdftex.def)             Requested size: 239.42758pt x 118.18114pt.
<../Quantum-Annealing-for-solving-QUBO-Problems/test/Diagnostica_QALS/2/ksp_2/l
ambda_650_dot_C/2000_1_HD_z_opt_z_star.png, id=221, 715.473pt x 353.1594pt>
File: ../Quantum-Annealing-for-solving-QUBO-Problems/test/Diagnostica_QALS/2/ks
p_2/lambda_650_dot_C/2000_1_HD_z_opt_z_star.png Graphic file (type png)
<use ../Quantum-Annealing-for-solving-QUBO-Problems/test/Diagnostica_QALS/2/ksp
_2/lambda_650_dot_C/2000_1_HD_z_opt_z_star.png>
Package pdftex.def Info: ../Quantum-Annealing-for-solving-QUBO-Problems/test/Di
agnostica_QALS/2/ksp_2/lambda_650_dot_C/2000_1_HD_z_opt_z_star.png  used on inp
ut line 512.
(pdftex.def)             Requested size: 239.42758pt x 118.18114pt.
<../Quantum-Annealing-for-solving-QUBO-Problems/test/Diagnostica_QALS/2/ksp_2/l
ambda_650_dot_C/2000_1_HD_z_opt_z_prop.png, id=222, 715.473pt x 353.1594pt>
File: ../Quantum-Annealing-for-solving-QUBO-Problems/test/Diagnostica_QALS/2/ks
p_2/lambda_650_dot_C/2000_1_HD_z_opt_z_prop.png Graphic file (type png)
<use ../Quantum-Annealing-for-solving-QUBO-Problems/test/Diagnostica_QALS/2/ksp
_2/lambda_650_dot_C/2000_1_HD_z_opt_z_prop.png>
Package pdftex.def Info: ../Quantum-Annealing-for-solving-QUBO-Problems/test/Di
agnostica_QALS/2/ksp_2/lambda_650_dot_C/2000_1_HD_z_opt_z_prop.png  used on inp
ut line 519.
(pdftex.def)             Requested size: 239.42758pt x 118.18114pt.
<../Quantum-Annealing-for-solving-QUBO-Problems/test/Diagnostica_QALS/2/ksp_2/l
ambda_650_dot_C/2000_1_FQ_z_opt_z_star.png, id=223, 715.2321pt x 353.1594pt>
File: ../Quantum-Annealing-for-solving-QUBO-Problems/test/Diagnostica_QALS/2/ks
p_2/lambda_650_dot_C/2000_1_FQ_z_opt_z_star.png Graphic file (type png)
<use ../Quantum-Annealing-for-solving-QUBO-Problems/test/Diagnostica_QALS/2/ksp
_2/lambda_650_dot_C/2000_1_FQ_z_opt_z_star.png>
Package pdftex.def Info: ../Quantum-Annealing-for-solving-QUBO-Problems/test/Di
agnostica_QALS/2/ksp_2/lambda_650_dot_C/2000_1_FQ_z_opt_z_star.png  used on inp
ut line 528.
(pdftex.def)             Requested size: 239.42758pt x 118.21886pt.
<../Quantum-Annealing-for-solving-QUBO-Problems/test/Diagnostica_QALS/2/ksp_2/l
ambda_650_dot_C/2000_1_FQ_z_opt_z_prop.png, id=224, 715.473pt x 353.1594pt>
File: ../Quantum-Annealing-for-solving-QUBO-Problems/test/Diagnostica_QALS/2/ks
p_2/lambda_650_dot_C/2000_1_FQ_z_opt_z_prop.png Graphic file (type png)
<use ../Quantum-Annealing-for-solving-QUBO-Problems/test/Diagnostica_QALS/2/ksp
_2/lambda_650_dot_C/2000_1_FQ_z_opt_z_prop.png>
Package pdftex.def Info: ../Quantum-Annealing-for-solving-QUBO-Problems/test/Di
agnostica_QALS/2/ksp_2/lambda_650_dot_C/2000_1_FQ_z_opt_z_prop.png  used on inp
ut line 535.
(pdftex.def)             Requested size: 239.42758pt x 118.18114pt.
<../Quantum-Annealing-for-solving-QUBO-Problems/test/Diagnostica_QALS/2/ksp_2/l
ambda_650_dot_C/dendrogram_2000_1.png, id=225, 1004.3121pt x 498.4221pt>
File: ../Quantum-Annealing-for-solving-QUBO-Problems/test/Diagnostica_QALS/2/ks
p_2/lambda_650_dot_C/dendrogram_2000_1.png Graphic file (type png)
<use ../Quantum-Annealing-for-solving-QUBO-Problems/test/Diagnostica_QALS/2/ksp
_2/lambda_650_dot_C/dendrogram_2000_1.png>
Package pdftex.def Info: ../Quantum-Annealing-for-solving-QUBO-Problems/test/Di
agnostica_QALS/2/ksp_2/lambda_650_dot_C/dendrogram_2000_1.png  used on input li
ne 544.
(pdftex.def)             Requested size: 483.69687pt x 240.05365pt.
 [14

 <../Quantum-Annealing-for-solving-QUBO-Problems/test/Diagnostica_QALS/2/ksp_2/
lambda_650_dot_C/2000_1_HD_z_star_old_z_star_new.png> <../Quantum-Annealing-for
-solving-QUBO-Problems/test/Diagnostica_QALS/2/ksp_2/lambda_650_dot_C/2000_1_HD
_z_t_z_star.png> <../Quantum-Annealing-for-solving-QUBO-Problems/test/Diagnosti
ca_QALS/2/ksp_2/lambda_650_dot_C/2000_1_HD_z_opt_z_star.png> <../Quantum-Anneal
ing-for-solving-QUBO-Problems/test/Diagnostica_QALS/2/ksp_2/lambda_650_dot_C/20
00_1_HD_z_opt_z_prop.png> <../Quantum-Annealing-for-solving-QUBO-Problems/test/
Diagnostica_QALS/2/ksp_2/lambda_650_dot_C/2000_1_FQ_z_opt_z_star.png> <../Quant
um-Annealing-for-solving-QUBO-Problems/test/Diagnostica_QALS/2/ksp_2/lambda_650
_dot_C/2000_1_FQ_z_opt_z_prop.png>] [15 <../Quantum-Annealing-for-solving-QUBO-
Problems/test/Diagnostica_QALS/2/ksp_2/lambda_650_dot_C/dendrogram_2000_1.png>]
<../Quantum-Annealing-for-solving-QUBO-Problems/test/Diagnostica_QALS/2/ksp_2/l
ambda_div_3/2000_1_HD_z_star_old_z_star_new.png, id=244, 715.473pt x 353.1594pt
>
File: ../Quantum-Annealing-for-solving-QUBO-Problems/test/Diagnostica_QALS/2/ks
p_2/lambda_div_3/2000_1_HD_z_star_old_z_star_new.png Graphic file (type png)
<use ../Quantum-Annealing-for-solving-QUBO-Problems/test/Diagnostica_QALS/2/ksp
_2/lambda_div_3/2000_1_HD_z_star_old_z_star_new.png>
Package pdftex.def Info: ../Quantum-Annealing-for-solving-QUBO-Problems/test/Di
agnostica_QALS/2/ksp_2/lambda_div_3/2000_1_HD_z_star_old_z_star_new.png  used o
n input line 554.
(pdftex.def)             Requested size: 239.42758pt x 118.18114pt.
<../Quantum-Annealing-for-solving-QUBO-Problems/test/Diagnostica_QALS/2/ksp_2/l
ambda_div_3/2000_1_HD_z_t_z_star.png, id=245, 715.473pt x 353.1594pt>
File: ../Quantum-Annealing-for-solving-QUBO-Problems/test/Diagnostica_QALS/2/ks
p_2/lambda_div_3/2000_1_HD_z_t_z_star.png Graphic file (type png)
<use ../Quantum-Annealing-for-solving-QUBO-Problems/test/Diagnostica_QALS/2/ksp
_2/lambda_div_3/2000_1_HD_z_t_z_star.png>
Package pdftex.def Info: ../Quantum-Annealing-for-solving-QUBO-Problems/test/Di
agnostica_QALS/2/ksp_2/lambda_div_3/2000_1_HD_z_t_z_star.png  used on input lin
e 561.
(pdftex.def)             Requested size: 239.42758pt x 118.18114pt.
<../Quantum-Annealing-for-solving-QUBO-Problems/test/Diagnostica_QALS/2/ksp_2/l
ambda_div_3/2000_1_HD_z_opt_z_star.png, id=246, 715.473pt x 353.1594pt>
File: ../Quantum-Annealing-for-solving-QUBO-Problems/test/Diagnostica_QALS/2/ks
p_2/lambda_div_3/2000_1_HD_z_opt_z_star.png Graphic file (type png)
<use ../Quantum-Annealing-for-solving-QUBO-Problems/test/Diagnostica_QALS/2/ksp
_2/lambda_div_3/2000_1_HD_z_opt_z_star.png>
Package pdftex.def Info: ../Quantum-Annealing-for-solving-QUBO-Problems/test/Di
agnostica_QALS/2/ksp_2/lambda_div_3/2000_1_HD_z_opt_z_star.png  used on input l
ine 570.
(pdftex.def)             Requested size: 239.42758pt x 118.18114pt.
<../Quantum-Annealing-for-solving-QUBO-Problems/test/Diagnostica_QALS/2/ksp_2/l
ambda_div_3/2000_1_HD_z_opt_z_prop.png, id=247, 715.473pt x 353.1594pt>
File: ../Quantum-Annealing-for-solving-QUBO-Problems/test/Diagnostica_QALS/2/ks
p_2/lambda_div_3/2000_1_HD_z_opt_z_prop.png Graphic file (type png)
<use ../Quantum-Annealing-for-solving-QUBO-Problems/test/Diagnostica_QALS/2/ksp
_2/lambda_div_3/2000_1_HD_z_opt_z_prop.png>
Package pdftex.def Info: ../Quantum-Annealing-for-solving-QUBO-Problems/test/Di
agnostica_QALS/2/ksp_2/lambda_div_3/2000_1_HD_z_opt_z_prop.png  used on input l
ine 577.
(pdftex.def)             Requested size: 239.42758pt x 118.18114pt.
<../Quantum-Annealing-for-solving-QUBO-Problems/test/Diagnostica_QALS/2/ksp_2/l
ambda_div_3/2000_1_FQ_z_opt_z_star.png, id=248, 715.473pt x 353.1594pt>
File: ../Quantum-Annealing-for-solving-QUBO-Problems/test/Diagnostica_QALS/2/ks
p_2/lambda_div_3/2000_1_FQ_z_opt_z_star.png Graphic file (type png)
<use ../Quantum-Annealing-for-solving-QUBO-Problems/test/Diagnostica_QALS/2/ksp
_2/lambda_div_3/2000_1_FQ_z_opt_z_star.png>
Package pdftex.def Info: ../Quantum-Annealing-for-solving-QUBO-Problems/test/Di
agnostica_QALS/2/ksp_2/lambda_div_3/2000_1_FQ_z_opt_z_star.png  used on input l
ine 586.
(pdftex.def)             Requested size: 239.42758pt x 118.18114pt.
<../Quantum-Annealing-for-solving-QUBO-Problems/test/Diagnostica_QALS/2/ksp_2/l
ambda_div_3/2000_1_FQ_z_opt_z_prop.png, id=249, 715.473pt x 353.1594pt>
File: ../Quantum-Annealing-for-solving-QUBO-Problems/test/Diagnostica_QALS/2/ks
p_2/lambda_div_3/2000_1_FQ_z_opt_z_prop.png Graphic file (type png)
<use ../Quantum-Annealing-for-solving-QUBO-Problems/test/Diagnostica_QALS/2/ksp
_2/lambda_div_3/2000_1_FQ_z_opt_z_prop.png>
Package pdftex.def Info: ../Quantum-Annealing-for-solving-QUBO-Problems/test/Di
agnostica_QALS/2/ksp_2/lambda_div_3/2000_1_FQ_z_opt_z_prop.png  used on input l
ine 593.
(pdftex.def)             Requested size: 239.42758pt x 118.18114pt.
<../Quantum-Annealing-for-solving-QUBO-Problems/test/Diagnostica_QALS/2/ksp_2/l
ambda_div_3/dendrogram_2000_1.png, id=250, 1004.3121pt x 498.4221pt>
File: ../Quantum-Annealing-for-solving-QUBO-Problems/test/Diagnostica_QALS/2/ks
p_2/lambda_div_3/dendrogram_2000_1.png Graphic file (type png)
<use ../Quantum-Annealing-for-solving-QUBO-Problems/test/Diagnostica_QALS/2/ksp
_2/lambda_div_3/dendrogram_2000_1.png>
Package pdftex.def Info: ../Quantum-Annealing-for-solving-QUBO-Problems/test/Di
agnostica_QALS/2/ksp_2/lambda_div_3/dendrogram_2000_1.png  used on input line 6
02.
(pdftex.def)             Requested size: 483.69687pt x 240.05365pt.
 [16

 <../Quantum-Annealing-for-solving-QUBO-Problems/test/Diagnostica_QALS/2/ksp_2/
lambda_div_3/2000_1_HD_z_star_old_z_star_new.png> <../Quantum-Annealing-for-sol
ving-QUBO-Problems/test/Diagnostica_QALS/2/ksp_2/lambda_div_3/2000_1_HD_z_t_z_s
tar.png> <../Quantum-Annealing-for-solving-QUBO-Problems/test/Diagnostica_QALS/
2/ksp_2/lambda_div_3/2000_1_HD_z_opt_z_star.png> <../Quantum-Annealing-for-solv
ing-QUBO-Problems/test/Diagnostica_QALS/2/ksp_2/lambda_div_3/2000_1_HD_z_opt_z_
prop.png> <../Quantum-Annealing-for-solving-QUBO-Problems/test/Diagnostica_QALS
/2/ksp_2/lambda_div_3/2000_1_FQ_z_opt_z_star.png> <../Quantum-Annealing-for-sol
ving-QUBO-Problems/test/Diagnostica_QALS/2/ksp_2/lambda_div_3/2000_1_FQ_z_opt_z
_prop.png>] [17 <../Quantum-Annealing-for-solving-QUBO-Problems/test/Diagnostic
a_QALS/2/ksp_2/lambda_div_3/dendrogram_2000_1.png>]
<../Quantum-Annealing-for-solving-QUBO-Problems/test/Diagnostica_QALS/2/Decay_f
actor/ksp_1/lambda_650_dot_C/2000_1_HD_z_star_old_z_star_new.png, id=268, 715.2
321pt x 353.1594pt>
File: ../Quantum-Annealing-for-solving-QUBO-Problems/test/Diagnostica_QALS/2/De
cay_factor/ksp_1/lambda_650_dot_C/2000_1_HD_z_star_old_z_star_new.png Graphic f
ile (type png)
<use ../Quantum-Annealing-for-solving-QUBO-Problems/test/Diagnostica_QALS/2/Dec
ay_factor/ksp_1/lambda_650_dot_C/2000_1_HD_z_star_old_z_star_new.png>
Package pdftex.def Info: ../Quantum-Annealing-for-solving-QUBO-Problems/test/Di
agnostica_QALS/2/Decay_factor/ksp_1/lambda_650_dot_C/2000_1_HD_z_star_old_z_sta
r_new.png  used on input line 688.
(pdftex.def)             Requested size: 239.42758pt x 118.21886pt.
<../Quantum-Annealing-for-solving-QUBO-Problems/test/Diagnostica_QALS/2/Decay_f
actor/ksp_1/lambda_650_dot_C/2000_1_HD_z_t_z_star.png, id=269, 715.473pt x 352.
9185pt>
File: ../Quantum-Annealing-for-solving-QUBO-Problems/test/Diagnostica_QALS/2/De
cay_factor/ksp_1/lambda_650_dot_C/2000_1_HD_z_t_z_star.png Graphic file (type p
ng)
<use ../Quantum-Annealing-for-solving-QUBO-Problems/test/Diagnostica_QALS/2/Dec
ay_factor/ksp_1/lambda_650_dot_C/2000_1_HD_z_t_z_star.png>
Package pdftex.def Info: ../Quantum-Annealing-for-solving-QUBO-Problems/test/Di
agnostica_QALS/2/Decay_factor/ksp_1/lambda_650_dot_C/2000_1_HD_z_t_z_star.png  
used on input line 695.
(pdftex.def)             Requested size: 239.42758pt x 118.10052pt.
<../Quantum-Annealing-for-solving-QUBO-Problems/test/Diagnostica_QALS/2/Decay_f
actor/ksp_1/lambda_650_dot_C/2000_1_HD_z_opt_z_star.png, id=270, 715.2321pt x 3
52.9185pt>
File: ../Quantum-Annealing-for-solving-QUBO-Problems/test/Diagnostica_QALS/2/De
cay_factor/ksp_1/lambda_650_dot_C/2000_1_HD_z_opt_z_star.png Graphic file (type
 png)
<use ../Quantum-Annealing-for-solving-QUBO-Problems/test/Diagnostica_QALS/2/Dec
ay_factor/ksp_1/lambda_650_dot_C/2000_1_HD_z_opt_z_star.png>
Package pdftex.def Info: ../Quantum-Annealing-for-solving-QUBO-Problems/test/Di
agnostica_QALS/2/Decay_factor/ksp_1/lambda_650_dot_C/2000_1_HD_z_opt_z_star.png
  used on input line 704.
(pdftex.def)             Requested size: 239.42758pt x 118.13823pt.
<../Quantum-Annealing-for-solving-QUBO-Problems/test/Diagnostica_QALS/2/Decay_f
actor/ksp_1/lambda_650_dot_C/2000_1_HD_z_opt_z_prop.png, id=271, 715.2321pt x 3
52.9185pt>
File: ../Quantum-Annealing-for-solving-QUBO-Problems/test/Diagnostica_QALS/2/De
cay_factor/ksp_1/lambda_650_dot_C/2000_1_HD_z_opt_z_prop.png Graphic file (type
 png)
<use ../Quantum-Annealing-for-solving-QUBO-Problems/test/Diagnostica_QALS/2/Dec
ay_factor/ksp_1/lambda_650_dot_C/2000_1_HD_z_opt_z_prop.png>
Package pdftex.def Info: ../Quantum-Annealing-for-solving-QUBO-Problems/test/Di
agnostica_QALS/2/Decay_factor/ksp_1/lambda_650_dot_C/2000_1_HD_z_opt_z_prop.png
  used on input line 711.
(pdftex.def)             Requested size: 239.42758pt x 118.13823pt.
<../Quantum-Annealing-for-solving-QUBO-Problems/test/Diagnostica_QALS/2/Decay_f
actor/ksp_1/lambda_650_dot_C/2000_1_FQ_z_opt_z_star.png, id=272, 715.473pt x 35
2.9185pt>
File: ../Quantum-Annealing-for-solving-QUBO-Problems/test/Diagnostica_QALS/2/De
cay_factor/ksp_1/lambda_650_dot_C/2000_1_FQ_z_opt_z_star.png Graphic file (type
 png)
<use ../Quantum-Annealing-for-solving-QUBO-Problems/test/Diagnostica_QALS/2/Dec
ay_factor/ksp_1/lambda_650_dot_C/2000_1_FQ_z_opt_z_star.png>
Package pdftex.def Info: ../Quantum-Annealing-for-solving-QUBO-Problems/test/Di
agnostica_QALS/2/Decay_factor/ksp_1/lambda_650_dot_C/2000_1_FQ_z_opt_z_star.png
  used on input line 720.
(pdftex.def)             Requested size: 239.42758pt x 118.10052pt.
<../Quantum-Annealing-for-solving-QUBO-Problems/test/Diagnostica_QALS/2/Decay_f
actor/ksp_1/lambda_650_dot_C/2000_1_FQ_z_opt_z_prop.png, id=273, 715.473pt x 35
2.9185pt>
File: ../Quantum-Annealing-for-solving-QUBO-Problems/test/Diagnostica_QALS/2/De
cay_factor/ksp_1/lambda_650_dot_C/2000_1_FQ_z_opt_z_prop.png Graphic file (type
 png)
<use ../Quantum-Annealing-for-solving-QUBO-Problems/test/Diagnostica_QALS/2/Dec
ay_factor/ksp_1/lambda_650_dot_C/2000_1_FQ_z_opt_z_prop.png>
Package pdftex.def Info: ../Quantum-Annealing-for-solving-QUBO-Problems/test/Di
agnostica_QALS/2/Decay_factor/ksp_1/lambda_650_dot_C/2000_1_FQ_z_opt_z_prop.png
  used on input line 727.
(pdftex.def)             Requested size: 239.42758pt x 118.10052pt.
 [18]
<../Quantum-Annealing-for-solving-QUBO-Problems/test/Diagnostica_QALS/2/Decay_f
actor/ksp_1/lambda_650_dot_C/dendrogram_2000_1.png, id=281, 1004.3121pt x 498.4
221pt>
File: ../Quantum-Annealing-for-solving-QUBO-Problems/test/Diagnostica_QALS/2/De
cay_factor/ksp_1/lambda_650_dot_C/dendrogram_2000_1.png Graphic file (type png)

<use ../Quantum-Annealing-for-solving-QUBO-Problems/test/Diagnostica_QALS/2/Dec
ay_factor/ksp_1/lambda_650_dot_C/dendrogram_2000_1.png>
Package pdftex.def Info: ../Quantum-Annealing-for-solving-QUBO-Problems/test/Di
agnostica_QALS/2/Decay_factor/ksp_1/lambda_650_dot_C/dendrogram_2000_1.png  use
d on input line 736.
(pdftex.def)             Requested size: 483.69687pt x 240.05365pt.
 [19 <../Quantum-Annealing-for-solving-QUBO-Problems/test/Diagnostica_QALS/2/De
cay_factor/ksp_1/lambda_650_dot_C/2000_1_HD_z_star_old_z_star_new.png> <../Quan
tum-Annealing-for-solving-QUBO-Problems/test/Diagnostica_QALS/2/Decay_factor/ks
p_1/lambda_650_dot_C/2000_1_HD_z_t_z_star.png> <../Quantum-Annealing-for-solvin
g-QUBO-Problems/test/Diagnostica_QALS/2/Decay_factor/ksp_1/lambda_650_dot_C/200
0_1_HD_z_opt_z_star.png> <../Quantum-Annealing-for-solving-QUBO-Problems/test/D
iagnostica_QALS/2/Decay_factor/ksp_1/lambda_650_dot_C/2000_1_HD_z_opt_z_prop.pn
g> <../Quantum-Annealing-for-solving-QUBO-Problems/test/Diagnostica_QALS/2/Deca
y_factor/ksp_1/lambda_650_dot_C/2000_1_FQ_z_opt_z_star.png> <../Quantum-Anneali
ng-for-solving-QUBO-Problems/test/Diagnostica_QALS/2/Decay_factor/ksp_1/lambda_
650_dot_C/2000_1_FQ_z_opt_z_prop.png>] [20 <../Quantum-Annealing-for-solving-QU
BO-Problems/test/Diagnostica_QALS/2/Decay_factor/ksp_1/lambda_650_dot_C/dendrog
ram_2000_1.png>]
<../Quantum-Annealing-for-solving-QUBO-Problems/test/Diagnostica_QALS/2/Decay_f
actor/ksp_1/lambda_div_3/2000_1_HD_z_star_old_z_star_new.png, id=300, 715.2321p
t x 353.1594pt>
File: ../Quantum-Annealing-for-solving-QUBO-Problems/test/Diagnostica_QALS/2/De
cay_factor/ksp_1/lambda_div_3/2000_1_HD_z_star_old_z_star_new.png Graphic file 
(type png)
<use ../Quantum-Annealing-for-solving-QUBO-Problems/test/Diagnostica_QALS/2/Dec
ay_factor/ksp_1/lambda_div_3/2000_1_HD_z_star_old_z_star_new.png>
Package pdftex.def Info: ../Quantum-Annealing-for-solving-QUBO-Problems/test/Di
agnostica_QALS/2/Decay_factor/ksp_1/lambda_div_3/2000_1_HD_z_star_old_z_star_ne
w.png  used on input line 746.
(pdftex.def)             Requested size: 239.42758pt x 118.21886pt.
<../Quantum-Annealing-for-solving-QUBO-Problems/test/Diagnostica_QALS/2/Decay_f
actor/ksp_1/lambda_div_3/2000_1_HD_z_t_z_star.png, id=301, 715.2321pt x 352.918
5pt>
File: ../Quantum-Annealing-for-solving-QUBO-Problems/test/Diagnostica_QALS/2/De
cay_factor/ksp_1/lambda_div_3/2000_1_HD_z_t_z_star.png Graphic file (type png)
<use ../Quantum-Annealing-for-solving-QUBO-Problems/test/Diagnostica_QALS/2/Dec
ay_factor/ksp_1/lambda_div_3/2000_1_HD_z_t_z_star.png>
Package pdftex.def Info: ../Quantum-Annealing-for-solving-QUBO-Problems/test/Di
agnostica_QALS/2/Decay_factor/ksp_1/lambda_div_3/2000_1_HD_z_t_z_star.png  used
 on input line 753.
(pdftex.def)             Requested size: 239.42758pt x 118.13823pt.
<../Quantum-Annealing-for-solving-QUBO-Problems/test/Diagnostica_QALS/2/Decay_f
actor/ksp_1/lambda_div_3/2000_1_HD_z_opt_z_star.png, id=302, 715.2321pt x 352.9
185pt>
File: ../Quantum-Annealing-for-solving-QUBO-Problems/test/Diagnostica_QALS/2/De
cay_factor/ksp_1/lambda_div_3/2000_1_HD_z_opt_z_star.png Graphic file (type png
)
<use ../Quantum-Annealing-for-solving-QUBO-Problems/test/Diagnostica_QALS/2/Dec
ay_factor/ksp_1/lambda_div_3/2000_1_HD_z_opt_z_star.png>
Package pdftex.def Info: ../Quantum-Annealing-for-solving-QUBO-Problems/test/Di
agnostica_QALS/2/Decay_factor/ksp_1/lambda_div_3/2000_1_HD_z_opt_z_star.png  us
ed on input line 762.
(pdftex.def)             Requested size: 239.42758pt x 118.13823pt.
<../Quantum-Annealing-for-solving-QUBO-Problems/test/Diagnostica_QALS/2/Decay_f
actor/ksp_1/lambda_div_3/2000_1_HD_z_opt_z_prop.png, id=303, 715.2321pt x 352.9
185pt>
File: ../Quantum-Annealing-for-solving-QUBO-Problems/test/Diagnostica_QALS/2/De
cay_factor/ksp_1/lambda_div_3/2000_1_HD_z_opt_z_prop.png Graphic file (type png
)
<use ../Quantum-Annealing-for-solving-QUBO-Problems/test/Diagnostica_QALS/2/Dec
ay_factor/ksp_1/lambda_div_3/2000_1_HD_z_opt_z_prop.png>
Package pdftex.def Info: ../Quantum-Annealing-for-solving-QUBO-Problems/test/Di
agnostica_QALS/2/Decay_factor/ksp_1/lambda_div_3/2000_1_HD_z_opt_z_prop.png  us
ed on input line 769.
(pdftex.def)             Requested size: 239.42758pt x 118.13823pt.
<../Quantum-Annealing-for-solving-QUBO-Problems/test/Diagnostica_QALS/2/Decay_f
actor/ksp_1/lambda_div_3/2000_1_FQ_z_opt_z_star.png, id=304, 715.473pt x 352.91
85pt>
File: ../Quantum-Annealing-for-solving-QUBO-Problems/test/Diagnostica_QALS/2/De
cay_factor/ksp_1/lambda_div_3/2000_1_FQ_z_opt_z_star.png Graphic file (type png
)
<use ../Quantum-Annealing-for-solving-QUBO-Problems/test/Diagnostica_QALS/2/Dec
ay_factor/ksp_1/lambda_div_3/2000_1_FQ_z_opt_z_star.png>
Package pdftex.def Info: ../Quantum-Annealing-for-solving-QUBO-Problems/test/Di
agnostica_QALS/2/Decay_factor/ksp_1/lambda_div_3/2000_1_FQ_z_opt_z_star.png  us
ed on input line 778.
(pdftex.def)             Requested size: 239.42758pt x 118.10052pt.
<../Quantum-Annealing-for-solving-QUBO-Problems/test/Diagnostica_QALS/2/Decay_f
actor/ksp_1/lambda_div_3/2000_1_FQ_z_opt_z_prop.png, id=305, 715.473pt x 352.91
85pt>
File: ../Quantum-Annealing-for-solving-QUBO-Problems/test/Diagnostica_QALS/2/De
cay_factor/ksp_1/lambda_div_3/2000_1_FQ_z_opt_z_prop.png Graphic file (type png
)
<use ../Quantum-Annealing-for-solving-QUBO-Problems/test/Diagnostica_QALS/2/Dec
ay_factor/ksp_1/lambda_div_3/2000_1_FQ_z_opt_z_prop.png>
Package pdftex.def Info: ../Quantum-Annealing-for-solving-QUBO-Problems/test/Di
agnostica_QALS/2/Decay_factor/ksp_1/lambda_div_3/2000_1_FQ_z_opt_z_prop.png  us
ed on input line 785.
(pdftex.def)             Requested size: 239.42758pt x 118.10052pt.
<../Quantum-Annealing-for-solving-QUBO-Problems/test/Diagnostica_QALS/2/Decay_f
actor/ksp_1/lambda_div_3/dendrogram_2000_1.png, id=306, 1004.3121pt x 498.4221p
t>
File: ../Quantum-Annealing-for-solving-QUBO-Problems/test/Diagnostica_QALS/2/De
cay_factor/ksp_1/lambda_div_3/dendrogram_2000_1.png Graphic file (type png)
<use ../Quantum-Annealing-for-solving-QUBO-Problems/test/Diagnostica_QALS/2/Dec
ay_factor/ksp_1/lambda_div_3/dendrogram_2000_1.png>
Package pdftex.def Info: ../Quantum-Annealing-for-solving-QUBO-Problems/test/Di
agnostica_QALS/2/Decay_factor/ksp_1/lambda_div_3/dendrogram_2000_1.png  used on
 input line 794.
(pdftex.def)             Requested size: 483.69687pt x 240.05365pt.
 [21

 <../Quantum-Annealing-for-solving-QUBO-Problems/test/Diagnostica_QALS/2/Decay_
factor/ksp_1/lambda_div_3/2000_1_HD_z_star_old_z_star_new.png> <../Quantum-Anne
aling-for-solving-QUBO-Problems/test/Diagnostica_QALS/2/Decay_factor/ksp_1/lamb
da_div_3/2000_1_HD_z_t_z_star.png> <../Quantum-Annealing-for-solving-QUBO-Probl
ems/test/Diagnostica_QALS/2/Decay_factor/ksp_1/lambda_div_3/2000_1_HD_z_opt_z_s
tar.png> <../Quantum-Annealing-for-solving-QUBO-Problems/test/Diagnostica_QALS/
2/Decay_factor/ksp_1/lambda_div_3/2000_1_HD_z_opt_z_prop.png> <../Quantum-Annea
ling-for-solving-QUBO-Problems/test/Diagnostica_QALS/2/Decay_factor/ksp_1/lambd
a_div_3/2000_1_FQ_z_opt_z_star.png> <../Quantum-Annealing-for-solving-QUBO-Prob
lems/test/Diagnostica_QALS/2/Decay_factor/ksp_1/lambda_div_3/2000_1_FQ_z_opt_z_
prop.png>] [22 <../Quantum-Annealing-for-solving-QUBO-Problems/test/Diagnostica
_QALS/2/Decay_factor/ksp_1/lambda_div_3/dendrogram_2000_1.png>]
<../Quantum-Annealing-for-solving-QUBO-Problems/test/Diagnostica_QALS/2/Decay_f
actor/ksp_3/lambda_650_dot_C/2000_1_HD_z_star_old_z_star_new.png, id=324, 715.4
73pt x 353.1594pt>
File: ../Quantum-Annealing-for-solving-QUBO-Problems/test/Diagnostica_QALS/2/De
cay_factor/ksp_3/lambda_650_dot_C/2000_1_HD_z_star_old_z_star_new.png Graphic f
ile (type png)
<use ../Quantum-Annealing-for-solving-QUBO-Problems/test/Diagnostica_QALS/2/Dec
ay_factor/ksp_3/lambda_650_dot_C/2000_1_HD_z_star_old_z_star_new.png>
Package pdftex.def Info: ../Quantum-Annealing-for-solving-QUBO-Problems/test/Di
agnostica_QALS/2/Decay_factor/ksp_3/lambda_650_dot_C/2000_1_HD_z_star_old_z_sta
r_new.png  used on input line 838.
(pdftex.def)             Requested size: 239.42758pt x 118.18114pt.
<../Quantum-Annealing-for-solving-QUBO-Problems/test/Diagnostica_QALS/2/Decay_f
actor/ksp_3/lambda_650_dot_C/2000_1_HD_z_t_z_star.png, id=325, 715.473pt x 352.
9185pt>
File: ../Quantum-Annealing-for-solving-QUBO-Problems/test/Diagnostica_QALS/2/De
cay_factor/ksp_3/lambda_650_dot_C/2000_1_HD_z_t_z_star.png Graphic file (type p
ng)
<use ../Quantum-Annealing-for-solving-QUBO-Problems/test/Diagnostica_QALS/2/Dec
ay_factor/ksp_3/lambda_650_dot_C/2000_1_HD_z_t_z_star.png>
Package pdftex.def Info: ../Quantum-Annealing-for-solving-QUBO-Problems/test/Di
agnostica_QALS/2/Decay_factor/ksp_3/lambda_650_dot_C/2000_1_HD_z_t_z_star.png  
used on input line 845.
(pdftex.def)             Requested size: 239.42758pt x 118.10052pt.
<../Quantum-Annealing-for-solving-QUBO-Problems/test/Diagnostica_QALS/2/Decay_f
actor/ksp_3/lambda_650_dot_C/2000_1_HD_z_opt_z_star.png, id=326, 715.473pt x 35
2.9185pt>
File: ../Quantum-Annealing-for-solving-QUBO-Problems/test/Diagnostica_QALS/2/De
cay_factor/ksp_3/lambda_650_dot_C/2000_1_HD_z_opt_z_star.png Graphic file (type
 png)
<use ../Quantum-Annealing-for-solving-QUBO-Problems/test/Diagnostica_QALS/2/Dec
ay_factor/ksp_3/lambda_650_dot_C/2000_1_HD_z_opt_z_star.png>
Package pdftex.def Info: ../Quantum-Annealing-for-solving-QUBO-Problems/test/Di
agnostica_QALS/2/Decay_factor/ksp_3/lambda_650_dot_C/2000_1_HD_z_opt_z_star.png
  used on input line 854.
(pdftex.def)             Requested size: 239.42758pt x 118.10052pt.
<../Quantum-Annealing-for-solving-QUBO-Problems/test/Diagnostica_QALS/2/Decay_f
actor/ksp_3/lambda_650_dot_C/2000_1_HD_z_opt_z_prop.png, id=327, 715.473pt x 35
2.9185pt>
File: ../Quantum-Annealing-for-solving-QUBO-Problems/test/Diagnostica_QALS/2/De
cay_factor/ksp_3/lambda_650_dot_C/2000_1_HD_z_opt_z_prop.png Graphic file (type
 png)
<use ../Quantum-Annealing-for-solving-QUBO-Problems/test/Diagnostica_QALS/2/Dec
ay_factor/ksp_3/lambda_650_dot_C/2000_1_HD_z_opt_z_prop.png>
Package pdftex.def Info: ../Quantum-Annealing-for-solving-QUBO-Problems/test/Di
agnostica_QALS/2/Decay_factor/ksp_3/lambda_650_dot_C/2000_1_HD_z_opt_z_prop.png
  used on input line 861.
(pdftex.def)             Requested size: 239.42758pt x 118.10052pt.
<../Quantum-Annealing-for-solving-QUBO-Problems/test/Diagnostica_QALS/2/Decay_f
actor/ksp_3/lambda_650_dot_C/2000_1_FQ_z_opt_z_star.png, id=328, 715.7139pt x 3
52.9185pt>
File: ../Quantum-Annealing-for-solving-QUBO-Problems/test/Diagnostica_QALS/2/De
cay_factor/ksp_3/lambda_650_dot_C/2000_1_FQ_z_opt_z_star.png Graphic file (type
 png)
<use ../Quantum-Annealing-for-solving-QUBO-Problems/test/Diagnostica_QALS/2/Dec
ay_factor/ksp_3/lambda_650_dot_C/2000_1_FQ_z_opt_z_star.png>
Package pdftex.def Info: ../Quantum-Annealing-for-solving-QUBO-Problems/test/Di
agnostica_QALS/2/Decay_factor/ksp_3/lambda_650_dot_C/2000_1_FQ_z_opt_z_star.png
  used on input line 870.
(pdftex.def)             Requested size: 239.42758pt x 118.06284pt.
<../Quantum-Annealing-for-solving-QUBO-Problems/test/Diagnostica_QALS/2/Decay_f
actor/ksp_3/lambda_650_dot_C/2000_1_FQ_z_opt_z_prop.png, id=329, 715.7139pt x 3
52.9185pt>
File: ../Quantum-Annealing-for-solving-QUBO-Problems/test/Diagnostica_QALS/2/De
cay_factor/ksp_3/lambda_650_dot_C/2000_1_FQ_z_opt_z_prop.png Graphic file (type
 png)
<use ../Quantum-Annealing-for-solving-QUBO-Problems/test/Diagnostica_QALS/2/Dec
ay_factor/ksp_3/lambda_650_dot_C/2000_1_FQ_z_opt_z_prop.png>
Package pdftex.def Info: ../Quantum-Annealing-for-solving-QUBO-Problems/test/Di
agnostica_QALS/2/Decay_factor/ksp_3/lambda_650_dot_C/2000_1_FQ_z_opt_z_prop.png
  used on input line 877.
(pdftex.def)             Requested size: 239.42758pt x 118.06284pt.
 [23

]
<../Quantum-Annealing-for-solving-QUBO-Problems/test/Diagnostica_QALS/2/Decay_f
actor/ksp_3/lambda_650_dot_C/dendrogram_2000_1.png, id=335, 1004.3121pt x 497.9
403pt>
File: ../Quantum-Annealing-for-solving-QUBO-Problems/test/Diagnostica_QALS/2/De
cay_factor/ksp_3/lambda_650_dot_C/dendrogram_2000_1.png Graphic file (type png)

<use ../Quantum-Annealing-for-solving-QUBO-Problems/test/Diagnostica_QALS/2/Dec
ay_factor/ksp_3/lambda_650_dot_C/dendrogram_2000_1.png>
Package pdftex.def Info: ../Quantum-Annealing-for-solving-QUBO-Problems/test/Di
agnostica_QALS/2/Decay_factor/ksp_3/lambda_650_dot_C/dendrogram_2000_1.png  use
d on input line 886.
(pdftex.def)             Requested size: 483.69687pt x 239.82161pt.
 [24 <../Quantum-Annealing-for-solving-QUBO-Problems/test/Diagnostica_QALS/2/De
cay_factor/ksp_3/lambda_650_dot_C/2000_1_HD_z_star_old_z_star_new.png> <../Quan
tum-Annealing-for-solving-QUBO-Problems/test/Diagnostica_QALS/2/Decay_factor/ks
p_3/lambda_650_dot_C/2000_1_HD_z_t_z_star.png> <../Quantum-Annealing-for-solvin
g-QUBO-Problems/test/Diagnostica_QALS/2/Decay_factor/ksp_3/lambda_650_dot_C/200
0_1_HD_z_opt_z_star.png> <../Quantum-Annealing-for-solving-QUBO-Problems/test/D
iagnostica_QALS/2/Decay_factor/ksp_3/lambda_650_dot_C/2000_1_HD_z_opt_z_prop.pn
g> <../Quantum-Annealing-for-solving-QUBO-Problems/test/Diagnostica_QALS/2/Deca
y_factor/ksp_3/lambda_650_dot_C/2000_1_FQ_z_opt_z_star.png> <../Quantum-Anneali
ng-for-solving-QUBO-Problems/test/Diagnostica_QALS/2/Decay_factor/ksp_3/lambda_
650_dot_C/2000_1_FQ_z_opt_z_prop.png>]
[25 <../Quantum-Annealing-for-solving-QUBO-Problems/test/Diagnostica_QALS/2/Dec
ay_factor/ksp_3/lambda_650_dot_C/dendrogram_2000_1.png>]
<../Quantum-Annealing-for-solving-QUBO-Problems/test/Diagnostica_QALS/2/Decay_f
actor/ksp_3/lambda_div_3/2000_1_HD_z_star_old_z_star_new.png, id=354, 715.473pt
 x 353.1594pt>
File: ../Quantum-Annealing-for-solving-QUBO-Problems/test/Diagnostica_QALS/2/De
cay_factor/ksp_3/lambda_div_3/2000_1_HD_z_star_old_z_star_new.png Graphic file 
(type png)
<use ../Quantum-Annealing-for-solving-QUBO-Problems/test/Diagnostica_QALS/2/Dec
ay_factor/ksp_3/lambda_div_3/2000_1_HD_z_star_old_z_star_new.png>
Package pdftex.def Info: ../Quantum-Annealing-for-solving-QUBO-Problems/test/Di
agnostica_QALS/2/Decay_factor/ksp_3/lambda_div_3/2000_1_HD_z_star_old_z_star_ne
w.png  used on input line 896.
(pdftex.def)             Requested size: 239.42758pt x 118.18114pt.
<../Quantum-Annealing-for-solving-QUBO-Problems/test/Diagnostica_QALS/2/Decay_f
actor/ksp_3/lambda_div_3/2000_1_HD_z_t_z_star.png, id=355, 715.473pt x 352.9185
pt>
File: ../Quantum-Annealing-for-solving-QUBO-Problems/test/Diagnostica_QALS/2/De
cay_factor/ksp_3/lambda_div_3/2000_1_HD_z_t_z_star.png Graphic file (type png)
<use ../Quantum-Annealing-for-solving-QUBO-Problems/test/Diagnostica_QALS/2/Dec
ay_factor/ksp_3/lambda_div_3/2000_1_HD_z_t_z_star.png>
Package pdftex.def Info: ../Quantum-Annealing-for-solving-QUBO-Problems/test/Di
agnostica_QALS/2/Decay_factor/ksp_3/lambda_div_3/2000_1_HD_z_t_z_star.png  used
 on input line 903.
(pdftex.def)             Requested size: 239.42758pt x 118.10052pt.
<../Quantum-Annealing-for-solving-QUBO-Problems/test/Diagnostica_QALS/2/Decay_f
actor/ksp_3/lambda_div_3/2000_1_HD_z_opt_z_star.png, id=356, 715.473pt x 352.91
85pt>
File: ../Quantum-Annealing-for-solving-QUBO-Problems/test/Diagnostica_QALS/2/De
cay_factor/ksp_3/lambda_div_3/2000_1_HD_z_opt_z_star.png Graphic file (type png
)
<use ../Quantum-Annealing-for-solving-QUBO-Problems/test/Diagnostica_QALS/2/Dec
ay_factor/ksp_3/lambda_div_3/2000_1_HD_z_opt_z_star.png>
Package pdftex.def Info: ../Quantum-Annealing-for-solving-QUBO-Problems/test/Di
agnostica_QALS/2/Decay_factor/ksp_3/lambda_div_3/2000_1_HD_z_opt_z_star.png  us
ed on input line 912.
(pdftex.def)             Requested size: 239.42758pt x 118.10052pt.
<../Quantum-Annealing-for-solving-QUBO-Problems/test/Diagnostica_QALS/2/Decay_f
actor/ksp_3/lambda_div_3/2000_1_HD_z_opt_z_prop.png, id=357, 715.473pt x 352.91
85pt>
File: ../Quantum-Annealing-for-solving-QUBO-Problems/test/Diagnostica_QALS/2/De
cay_factor/ksp_3/lambda_div_3/2000_1_HD_z_opt_z_prop.png Graphic file (type png
)
<use ../Quantum-Annealing-for-solving-QUBO-Problems/test/Diagnostica_QALS/2/Dec
ay_factor/ksp_3/lambda_div_3/2000_1_HD_z_opt_z_prop.png>
Package pdftex.def Info: ../Quantum-Annealing-for-solving-QUBO-Problems/test/Di
agnostica_QALS/2/Decay_factor/ksp_3/lambda_div_3/2000_1_HD_z_opt_z_prop.png  us
ed on input line 919.
(pdftex.def)             Requested size: 239.42758pt x 118.10052pt.
<../Quantum-Annealing-for-solving-QUBO-Problems/test/Diagnostica_QALS/2/Decay_f
actor/ksp_3/lambda_div_3/2000_1_FQ_z_opt_z_star.png, id=358, 715.473pt x 352.91
85pt>
File: ../Quantum-Annealing-for-solving-QUBO-Problems/test/Diagnostica_QALS/2/De
cay_factor/ksp_3/lambda_div_3/2000_1_FQ_z_opt_z_star.png Graphic file (type png
)
<use ../Quantum-Annealing-for-solving-QUBO-Problems/test/Diagnostica_QALS/2/Dec
ay_factor/ksp_3/lambda_div_3/2000_1_FQ_z_opt_z_star.png>
Package pdftex.def Info: ../Quantum-Annealing-for-solving-QUBO-Problems/test/Di
agnostica_QALS/2/Decay_factor/ksp_3/lambda_div_3/2000_1_FQ_z_opt_z_star.png  us
ed on input line 928.
(pdftex.def)             Requested size: 239.42758pt x 118.10052pt.
<../Quantum-Annealing-for-solving-QUBO-Problems/test/Diagnostica_QALS/2/Decay_f
actor/ksp_3/lambda_div_3/2000_1_FQ_z_opt_z_prop.png, id=359, 715.2321pt x 352.9
185pt>
File: ../Quantum-Annealing-for-solving-QUBO-Problems/test/Diagnostica_QALS/2/De
cay_factor/ksp_3/lambda_div_3/2000_1_FQ_z_opt_z_prop.png Graphic file (type png
)
<use ../Quantum-Annealing-for-solving-QUBO-Problems/test/Diagnostica_QALS/2/Dec
ay_factor/ksp_3/lambda_div_3/2000_1_FQ_z_opt_z_prop.png>
Package pdftex.def Info: ../Quantum-Annealing-for-solving-QUBO-Problems/test/Di
agnostica_QALS/2/Decay_factor/ksp_3/lambda_div_3/2000_1_FQ_z_opt_z_prop.png  us
ed on input line 935.
(pdftex.def)             Requested size: 239.42758pt x 118.13823pt.
<../Quantum-Annealing-for-solving-QUBO-Problems/test/Diagnostica_QALS/2/Decay_f
actor/ksp_3/lambda_div_3/dendrogram_2000_1.png, id=360, 1004.3121pt x 498.4221p
t>
File: ../Quantum-Annealing-for-solving-QUBO-Problems/test/Diagnostica_QALS/2/De
cay_factor/ksp_3/lambda_div_3/dendrogram_2000_1.png Graphic file (type png)
<use ../Quantum-Annealing-for-solving-QUBO-Problems/test/Diagnostica_QALS/2/Dec
ay_factor/ksp_3/lambda_div_3/dendrogram_2000_1.png>
Package pdftex.def Info: ../Quantum-Annealing-for-solving-QUBO-Problems/test/Di
agnostica_QALS/2/Decay_factor/ksp_3/lambda_div_3/dendrogram_2000_1.png  used on
 input line 944.
(pdftex.def)             Requested size: 483.69687pt x 240.05365pt.
 [26

 <../Quantum-Annealing-for-solving-QUBO-Problems/test/Diagnostica_QALS/2/Decay_
factor/ksp_3/lambda_div_3/2000_1_HD_z_star_old_z_star_new.png> <../Quantum-Anne
aling-for-solving-QUBO-Problems/test/Diagnostica_QALS/2/Decay_factor/ksp_3/lamb
da_div_3/2000_1_HD_z_t_z_star.png> <../Quantum-Annealing-for-solving-QUBO-Probl
ems/test/Diagnostica_QALS/2/Decay_factor/ksp_3/lambda_div_3/2000_1_HD_z_opt_z_s
tar.png> <../Quantum-Annealing-for-solving-QUBO-Problems/test/Diagnostica_QALS/
2/Decay_factor/ksp_3/lambda_div_3/2000_1_HD_z_opt_z_prop.png> <../Quantum-Annea
ling-for-solving-QUBO-Problems/test/Diagnostica_QALS/2/Decay_factor/ksp_3/lambd
a_div_3/2000_1_FQ_z_opt_z_star.png> <../Quantum-Annealing-for-solving-QUBO-Prob
lems/test/Diagnostica_QALS/2/Decay_factor/ksp_3/lambda_div_3/2000_1_FQ_z_opt_z_
prop.png>] [27 <../Quantum-Annealing-for-solving-QUBO-Problems/test/Diagnostica
_QALS/2/Decay_factor/ksp_3/lambda_div_3/dendrogram_2000_1.png>]
<../Quantum-Annealing-for-solving-QUBO-Problems/test/Diagnostica_QALS/2/Decay_f
actor/ksp_2/lambda_650_dot_C/2000_1_HD_z_star_old_z_star_new.png, id=378, 715.4
73pt x 353.1594pt>
File: ../Quantum-Annealing-for-solving-QUBO-Problems/test/Diagnostica_QALS/2/De
cay_factor/ksp_2/lambda_650_dot_C/2000_1_HD_z_star_old_z_star_new.png Graphic f
ile (type png)
<use ../Quantum-Annealing-for-solving-QUBO-Problems/test/Diagnostica_QALS/2/Dec
ay_factor/ksp_2/lambda_650_dot_C/2000_1_HD_z_star_old_z_star_new.png>
Package pdftex.def Info: ../Quantum-Annealing-for-solving-QUBO-Problems/test/Di
agnostica_QALS/2/Decay_factor/ksp_2/lambda_650_dot_C/2000_1_HD_z_star_old_z_sta
r_new.png  used on input line 982.
(pdftex.def)             Requested size: 239.42758pt x 118.18114pt.
<../Quantum-Annealing-for-solving-QUBO-Problems/test/Diagnostica_QALS/2/Decay_f
actor/ksp_2/lambda_650_dot_C/2000_1_HD_z_t_z_star.png, id=379, 715.473pt x 352.
9185pt>
File: ../Quantum-Annealing-for-solving-QUBO-Problems/test/Diagnostica_QALS/2/De
cay_factor/ksp_2/lambda_650_dot_C/2000_1_HD_z_t_z_star.png Graphic file (type p
ng)
<use ../Quantum-Annealing-for-solving-QUBO-Problems/test/Diagnostica_QALS/2/Dec
ay_factor/ksp_2/lambda_650_dot_C/2000_1_HD_z_t_z_star.png>
Package pdftex.def Info: ../Quantum-Annealing-for-solving-QUBO-Problems/test/Di
agnostica_QALS/2/Decay_factor/ksp_2/lambda_650_dot_C/2000_1_HD_z_t_z_star.png  
used on input line 989.
(pdftex.def)             Requested size: 239.42758pt x 118.10052pt.
<../Quantum-Annealing-for-solving-QUBO-Problems/test/Diagnostica_QALS/2/Decay_f
actor/ksp_2/lambda_650_dot_C/2000_1_HD_z_opt_z_star.png, id=380, 715.473pt x 35
2.9185pt>
File: ../Quantum-Annealing-for-solving-QUBO-Problems/test/Diagnostica_QALS/2/De
cay_factor/ksp_2/lambda_650_dot_C/2000_1_HD_z_opt_z_star.png Graphic file (type
 png)
<use ../Quantum-Annealing-for-solving-QUBO-Problems/test/Diagnostica_QALS/2/Dec
ay_factor/ksp_2/lambda_650_dot_C/2000_1_HD_z_opt_z_star.png>
Package pdftex.def Info: ../Quantum-Annealing-for-solving-QUBO-Problems/test/Di
agnostica_QALS/2/Decay_factor/ksp_2/lambda_650_dot_C/2000_1_HD_z_opt_z_star.png
  used on input line 998.
(pdftex.def)             Requested size: 239.42758pt x 118.10052pt.
<../Quantum-Annealing-for-solving-QUBO-Problems/test/Diagnostica_QALS/2/Decay_f
actor/ksp_2/lambda_650_dot_C/2000_1_HD_z_opt_z_prop.png, id=381, 715.473pt x 35
2.9185pt>
File: ../Quantum-Annealing-for-solving-QUBO-Problems/test/Diagnostica_QALS/2/De
cay_factor/ksp_2/lambda_650_dot_C/2000_1_HD_z_opt_z_prop.png Graphic file (type
 png)
<use ../Quantum-Annealing-for-solving-QUBO-Problems/test/Diagnostica_QALS/2/Dec
ay_factor/ksp_2/lambda_650_dot_C/2000_1_HD_z_opt_z_prop.png>
Package pdftex.def Info: ../Quantum-Annealing-for-solving-QUBO-Problems/test/Di
agnostica_QALS/2/Decay_factor/ksp_2/lambda_650_dot_C/2000_1_HD_z_opt_z_prop.png
  used on input line 1005.
(pdftex.def)             Requested size: 239.42758pt x 118.10052pt.
<../Quantum-Annealing-for-solving-QUBO-Problems/test/Diagnostica_QALS/2/Decay_f
actor/ksp_2/lambda_650_dot_C/2000_1_FQ_z_opt_z_star.png, id=382, 715.2321pt x 3
52.9185pt>
File: ../Quantum-Annealing-for-solving-QUBO-Problems/test/Diagnostica_QALS/2/De
cay_factor/ksp_2/lambda_650_dot_C/2000_1_FQ_z_opt_z_star.png Graphic file (type
 png)
<use ../Quantum-Annealing-for-solving-QUBO-Problems/test/Diagnostica_QALS/2/Dec
ay_factor/ksp_2/lambda_650_dot_C/2000_1_FQ_z_opt_z_star.png>
Package pdftex.def Info: ../Quantum-Annealing-for-solving-QUBO-Problems/test/Di
agnostica_QALS/2/Decay_factor/ksp_2/lambda_650_dot_C/2000_1_FQ_z_opt_z_star.png
  used on input line 1014.
(pdftex.def)             Requested size: 239.42758pt x 118.13823pt.
<../Quantum-Annealing-for-solving-QUBO-Problems/test/Diagnostica_QALS/2/Decay_f
actor/ksp_2/lambda_650_dot_C/2000_1_FQ_z_opt_z_prop.png, id=383, 715.473pt x 35
2.9185pt>
File: ../Quantum-Annealing-for-solving-QUBO-Problems/test/Diagnostica_QALS/2/De
cay_factor/ksp_2/lambda_650_dot_C/2000_1_FQ_z_opt_z_prop.png Graphic file (type
 png)
<use ../Quantum-Annealing-for-solving-QUBO-Problems/test/Diagnostica_QALS/2/Dec
ay_factor/ksp_2/lambda_650_dot_C/2000_1_FQ_z_opt_z_prop.png>
Package pdftex.def Info: ../Quantum-Annealing-for-solving-QUBO-Problems/test/Di
agnostica_QALS/2/Decay_factor/ksp_2/lambda_650_dot_C/2000_1_FQ_z_opt_z_prop.png
  used on input line 1021.
(pdftex.def)             Requested size: 239.42758pt x 118.10052pt.
<../Quantum-Annealing-for-solving-QUBO-Problems/test/Diagnostica_QALS/2/Decay_f
actor/ksp_2/lambda_650_dot_C/dendrogram_2000_1.png, id=384, 1004.3121pt x 498.4
221pt>
File: ../Quantum-Annealing-for-solving-QUBO-Problems/test/Diagnostica_QALS/2/De
cay_factor/ksp_2/lambda_650_dot_C/dendrogram_2000_1.png Graphic file (type png)

<use ../Quantum-Annealing-for-solving-QUBO-Problems/test/Diagnostica_QALS/2/Dec
ay_factor/ksp_2/lambda_650_dot_C/dendrogram_2000_1.png>
Package pdftex.def Info: ../Quantum-Annealing-for-solving-QUBO-Problems/test/Di
agnostica_QALS/2/Decay_factor/ksp_2/lambda_650_dot_C/dendrogram_2000_1.png  use
d on input line 1030.
(pdftex.def)             Requested size: 483.69687pt x 240.05365pt.
 [28

 <../Quantum-Annealing-for-solving-QUBO-Problems/test/Diagnostica_QALS/2/Decay_
factor/ksp_2/lambda_650_dot_C/2000_1_HD_z_star_old_z_star_new.png> <../Quantum-
Annealing-for-solving-QUBO-Problems/test/Diagnostica_QALS/2/Decay_factor/ksp_2/
lambda_650_dot_C/2000_1_HD_z_t_z_star.png> <../Quantum-Annealing-for-solving-QU
BO-Problems/test/Diagnostica_QALS/2/Decay_factor/ksp_2/lambda_650_dot_C/2000_1_
HD_z_opt_z_star.png> <../Quantum-Annealing-for-solving-QUBO-Problems/test/Diagn
ostica_QALS/2/Decay_factor/ksp_2/lambda_650_dot_C/2000_1_HD_z_opt_z_prop.png> <
../Quantum-Annealing-for-solving-QUBO-Problems/test/Diagnostica_QALS/2/Decay_fa
ctor/ksp_2/lambda_650_dot_C/2000_1_FQ_z_opt_z_star.png> <../Quantum-Annealing-f
or-solving-QUBO-Problems/test/Diagnostica_QALS/2/Decay_factor/ksp_2/lambda_650_
dot_C/2000_1_FQ_z_opt_z_prop.png>] [29 <../Quantum-Annealing-for-solving-QUBO-P
roblems/test/Diagnostica_QALS/2/Decay_factor/ksp_2/lambda_650_dot_C/dendrogram_
2000_1.png>]
<../Quantum-Annealing-for-solving-QUBO-Problems/test/Diagnostica_QALS/2/Decay_f
actor/ksp_2/lambda_div_3/2000_1_HD_z_star_old_z_star_new.png, id=403, 715.473pt
 x 353.1594pt>
File: ../Quantum-Annealing-for-solving-QUBO-Problems/test/Diagnostica_QALS/2/De
cay_factor/ksp_2/lambda_div_3/2000_1_HD_z_star_old_z_star_new.png Graphic file 
(type png)
<use ../Quantum-Annealing-for-solving-QUBO-Problems/test/Diagnostica_QALS/2/Dec
ay_factor/ksp_2/lambda_div_3/2000_1_HD_z_star_old_z_star_new.png>
Package pdftex.def Info: ../Quantum-Annealing-for-solving-QUBO-Problems/test/Di
agnostica_QALS/2/Decay_factor/ksp_2/lambda_div_3/2000_1_HD_z_star_old_z_star_ne
w.png  used on input line 1040.
(pdftex.def)             Requested size: 239.42758pt x 118.18114pt.
<../Quantum-Annealing-for-solving-QUBO-Problems/test/Diagnostica_QALS/2/Decay_f
actor/ksp_2/lambda_div_3/2000_1_HD_z_t_z_star.png, id=404, 715.473pt x 352.9185
pt>
File: ../Quantum-Annealing-for-solving-QUBO-Problems/test/Diagnostica_QALS/2/De
cay_factor/ksp_2/lambda_div_3/2000_1_HD_z_t_z_star.png Graphic file (type png)
<use ../Quantum-Annealing-for-solving-QUBO-Problems/test/Diagnostica_QALS/2/Dec
ay_factor/ksp_2/lambda_div_3/2000_1_HD_z_t_z_star.png>
Package pdftex.def Info: ../Quantum-Annealing-for-solving-QUBO-Problems/test/Di
agnostica_QALS/2/Decay_factor/ksp_2/lambda_div_3/2000_1_HD_z_t_z_star.png  used
 on input line 1047.
(pdftex.def)             Requested size: 239.42758pt x 118.10052pt.
<../Quantum-Annealing-for-solving-QUBO-Problems/test/Diagnostica_QALS/2/Decay_f
actor/ksp_2/lambda_div_3/2000_1_HD_z_opt_z_star.png, id=405, 715.473pt x 352.91
85pt>
File: ../Quantum-Annealing-for-solving-QUBO-Problems/test/Diagnostica_QALS/2/De
cay_factor/ksp_2/lambda_div_3/2000_1_HD_z_opt_z_star.png Graphic file (type png
)
<use ../Quantum-Annealing-for-solving-QUBO-Problems/test/Diagnostica_QALS/2/Dec
ay_factor/ksp_2/lambda_div_3/2000_1_HD_z_opt_z_star.png>
Package pdftex.def Info: ../Quantum-Annealing-for-solving-QUBO-Problems/test/Di
agnostica_QALS/2/Decay_factor/ksp_2/lambda_div_3/2000_1_HD_z_opt_z_star.png  us
ed on input line 1056.
(pdftex.def)             Requested size: 239.42758pt x 118.10052pt.
<../Quantum-Annealing-for-solving-QUBO-Problems/test/Diagnostica_QALS/2/Decay_f
actor/ksp_2/lambda_div_3/2000_1_HD_z_opt_z_prop.png, id=406, 715.473pt x 352.91
85pt>
File: ../Quantum-Annealing-for-solving-QUBO-Problems/test/Diagnostica_QALS/2/De
cay_factor/ksp_2/lambda_div_3/2000_1_HD_z_opt_z_prop.png Graphic file (type png
)
<use ../Quantum-Annealing-for-solving-QUBO-Problems/test/Diagnostica_QALS/2/Dec
ay_factor/ksp_2/lambda_div_3/2000_1_HD_z_opt_z_prop.png>
Package pdftex.def Info: ../Quantum-Annealing-for-solving-QUBO-Problems/test/Di
agnostica_QALS/2/Decay_factor/ksp_2/lambda_div_3/2000_1_HD_z_opt_z_prop.png  us
ed on input line 1063.
(pdftex.def)             Requested size: 239.42758pt x 118.10052pt.
<../Quantum-Annealing-for-solving-QUBO-Problems/test/Diagnostica_QALS/2/Decay_f
actor/ksp_2/lambda_div_3/2000_1_FQ_z_opt_z_star.png, id=407, 715.473pt x 352.91
85pt>
File: ../Quantum-Annealing-for-solving-QUBO-Problems/test/Diagnostica_QALS/2/De
cay_factor/ksp_2/lambda_div_3/2000_1_FQ_z_opt_z_star.png Graphic file (type png
)
<use ../Quantum-Annealing-for-solving-QUBO-Problems/test/Diagnostica_QALS/2/Dec
ay_factor/ksp_2/lambda_div_3/2000_1_FQ_z_opt_z_star.png>
Package pdftex.def Info: ../Quantum-Annealing-for-solving-QUBO-Problems/test/Di
agnostica_QALS/2/Decay_factor/ksp_2/lambda_div_3/2000_1_FQ_z_opt_z_star.png  us
ed on input line 1072.
(pdftex.def)             Requested size: 239.42758pt x 118.10052pt.
<../Quantum-Annealing-for-solving-QUBO-Problems/test/Diagnostica_QALS/2/Decay_f
actor/ksp_2/lambda_div_3/2000_1_FQ_z_opt_z_prop.png, id=408, 715.473pt x 352.91
85pt>
File: ../Quantum-Annealing-for-solving-QUBO-Problems/test/Diagnostica_QALS/2/De
cay_factor/ksp_2/lambda_div_3/2000_1_FQ_z_opt_z_prop.png Graphic file (type png
)
<use ../Quantum-Annealing-for-solving-QUBO-Problems/test/Diagnostica_QALS/2/Dec
ay_factor/ksp_2/lambda_div_3/2000_1_FQ_z_opt_z_prop.png>
Package pdftex.def Info: ../Quantum-Annealing-for-solving-QUBO-Problems/test/Di
agnostica_QALS/2/Decay_factor/ksp_2/lambda_div_3/2000_1_FQ_z_opt_z_prop.png  us
ed on input line 1079.
(pdftex.def)             Requested size: 239.42758pt x 118.10052pt.
<../Quantum-Annealing-for-solving-QUBO-Problems/test/Diagnostica_QALS/2/Decay_f
actor/ksp_2/lambda_div_3/dendrogram_2000_1.png, id=409, 1004.3121pt x 498.4221p
t>
File: ../Quantum-Annealing-for-solving-QUBO-Problems/test/Diagnostica_QALS/2/De
cay_factor/ksp_2/lambda_div_3/dendrogram_2000_1.png Graphic file (type png)
<use ../Quantum-Annealing-for-solving-QUBO-Problems/test/Diagnostica_QALS/2/Dec
ay_factor/ksp_2/lambda_div_3/dendrogram_2000_1.png>
Package pdftex.def Info: ../Quantum-Annealing-for-solving-QUBO-Problems/test/Di
agnostica_QALS/2/Decay_factor/ksp_2/lambda_div_3/dendrogram_2000_1.png  used on
 input line 1088.
(pdftex.def)             Requested size: 483.69687pt x 240.05365pt.
 [30

 <../Quantum-Annealing-for-solving-QUBO-Problems/test/Diagnostica_QALS/2/Decay_
factor/ksp_2/lambda_div_3/2000_1_HD_z_star_old_z_star_new.png> <../Quantum-Anne
aling-for-solving-QUBO-Problems/test/Diagnostica_QALS/2/Decay_factor/ksp_2/lamb
da_div_3/2000_1_HD_z_t_z_star.png> <../Quantum-Annealing-for-solving-QUBO-Probl
ems/test/Diagnostica_QALS/2/Decay_factor/ksp_2/lambda_div_3/2000_1_HD_z_opt_z_s
tar.png> <../Quantum-Annealing-for-solving-QUBO-Problems/test/Diagnostica_QALS/
2/Decay_factor/ksp_2/lambda_div_3/2000_1_HD_z_opt_z_prop.png> <../Quantum-Annea
ling-for-solving-QUBO-Problems/test/Diagnostica_QALS/2/Decay_factor/ksp_2/lambd
a_div_3/2000_1_FQ_z_opt_z_star.png> <../Quantum-Annealing-for-solving-QUBO-Prob
lems/test/Diagnostica_QALS/2/Decay_factor/ksp_2/lambda_div_3/2000_1_FQ_z_opt_z_
prop.png>]
[31 <../Quantum-Annealing-for-solving-QUBO-Problems/test/Diagnostica_QALS/2/Dec
ay_factor/ksp_2/lambda_div_3/dendrogram_2000_1.png>] (Report_8.aux)
 ***********
LaTeX2e <2025-11-01>
L3 programming layer <2025-12-24>
 ***********


LaTeX Warning: There were multiply-defined labels.

Package rerunfilecheck Info: File `Report_8.out' has not changed.
(rerunfilecheck)             Checksum: 3272101948901BECA45DA1B5AE5AFA91;3050.
 ) 
Here is how much of TeX's memory you used:
 14412 strings out of 467871
 297281 string characters out of 5418860
 646407 words of memory out of 5000000
 43037 multiletter control sequences out of 15000+600000
 646098 words of font info for 91 fonts, out of 8000000 for 9000
 1141 hyphenation exceptions out of 8191
 75i,9n,79p,380b,592s stack positions out of 10000i,1000n,20000p,200000b,200000s
 <C:\Users\User\AppData\Local\MiKTeX\fonts/pk/ljfour/jknappen/ec/dpi600\ecrm1
095.pk> <C:\Users\User\AppData\Local\MiKTeX\fonts/pk/ljfour/jknappen/ec/dpi600\
ecbx1200.pk> <C:\Users\User\AppData\Local\MiKTeX\fonts/pk/ljfour/jknappen/ec/dp
i600\ectt1200.pk> <C:\Users\User\AppData\Local\MiKTeX\fonts/pk/ljfour/jknappen/
ec/dpi600\tcrm1200.pk> <C:\Users\User\AppData\Local\MiKTeX\fonts/pk/ljfour/jkna
ppen/ec/dpi600\ecrm0800.pk> <C:\Users\User\AppData\Local\MiKTeX\fonts/pk/ljfour
/jknappen/ec/dpi600\ecbx1440.pk> <C:\Users\User\AppData\Local\MiKTeX\fonts/pk/l
jfour/jknappen/ec/dpi600\ecbx1728.pk> <C:\Users\User\AppData\Local\MiKTeX\fonts
/pk/ljfour/jknappen/ec/dpi600\ecrm1200.pk> <C:\Users\User\AppData\Local\MiKTeX\
fonts/pk/ljfour/jknappen/ec/dpi600\ecrm1440.pk> <C:\Users\User\AppData\Local\Mi
KTeX\fonts/pk/ljfour/jknappen/ec/dpi600\ecrm2074.pk><C:/Users/User/AppData/Loca
l/Programs/MiKTeX/fonts/type1/public/amsfonts/cm/cmbx12.pfb><C:/Users/User/AppD
ata/Local/Programs/MiKTeX/fonts/type1/public/amsfonts/cm/cmex10.pfb><C:/Users/U
ser/AppData/Local/Programs/MiKTeX/fonts/type1/public/amsfonts/cmextra/cmex8.pfb
><C:/Users/User/AppData/Local/Programs/MiKTeX/fonts/type1/public/amsfonts/cm/cm
mi10.pfb><C:/Users/User/AppData/Local/Programs/MiKTeX/fonts/type1/public/amsfon
ts/cm/cmmi12.pfb><C:/Users/User/AppData/Local/Programs/MiKTeX/fonts/type1/publi
c/amsfonts/cm/cmmi6.pfb><C:/Users/User/AppData/Local/Programs/MiKTeX/fonts/type
1/public/amsfonts/cm/cmmi8.pfb><C:/Users/User/AppData/Local/Programs/MiKTeX/fon
ts/type1/public/amsfonts/cm/cmr10.pfb><C:/Users/User/AppData/Local/Programs/MiK
TeX/fonts/type1/public/amsfonts/cm/cmr12.pfb><C:/Users/User/AppData/Local/Progr
ams/MiKTeX/fonts/type1/public/amsfonts/cm/cmr6.pfb><C:/Users/User/AppData/Local
/Programs/MiKTeX/fonts/type1/public/amsfonts/cm/cmr8.pfb><C:/Users/User/AppData
/Local/Programs/MiKTeX/fonts/type1/public/amsfonts/cm/cmsy10.pfb><C:/Users/User
/AppData/Local/Programs/MiKTeX/fonts/type1/public/amsfonts/cm/cmsy6.pfb><C:/Use
rs/User/AppData/Local/Programs/MiKTeX/fonts/type1/public/amsfonts/cm/cmsy8.pfb>
Output written on Report_8.pdf (31 pages, 17497873 bytes).
PDF statistics:
 741 PDF objects out of 1000 (max. 8388607)
 80 named destinations out of 1000 (max. 500000)
 565 words of extra memory for PDF output out of 10000 (max. 10000000)

